"V1","V2","V3","V4","V5","V6","V7","V8","V9","V10","V11","V12","V13","V14","V15","V16","V17","V18","V19","V20","V21","V22","V23","V24","V25","V26","V27","V28","V29","V30","V31","V32","V33","V34","V35","V36","V37","V38","V39","V40","V41","V42","V43","V44","V45","V46","V47","V48","V49","V50","V51"
0,3,7.44873261578226,12.1739789981659,16.481843122017,20.363135882993,23.8566215636574,27.0007833047026,29.8305307542266,32.3773036027018,34.6693991773293,36.7322851953348,38.5888826116041,40.2598202862514,41.7636641934343,43.117123709899,44.3352372747172,45.4315394830536,46.4182114705563,47.3062162593088,48.105420569186,48.8247044480755,49.4720599390761,50.0546798809766,50.579037828687,51.0509599816264,51.4756899192719,51.8579468631528,52.2019781126456,52.5116062371892,52.7902715492784,53.0410703301586,53.2667892329509,53.4699362454639,53.6527685567256,53.8173176368611,53.9654118089831,54.0986965638929,54.2186528433117,54.3266134947887,54.4237780811179,54.5112262088142,54.5899295237409,54.6607625071749,54.7245121922655,54.7818869088471,54.8335241537705,54.8799976742015,54.9218238425895,54.9594673941386,54.9933465905329
0,3,7.63929170533083,11.4260142306768,14.803993595941,17.8418482969648,20.575737498007,23.0362238491855,25.2506604874351,27.2436533784644,29.0373469739381,30.6516712093651,32.1045630212108,33.412165651869,34.5890080194611,35.6481661502939,36.6014084680435,37.4593265540181,38.2314528313953,38.9263664810347,39.5517887657102,40.1146688219182,40.6212608725054,41.0771937180338,41.4875332790094,41.8568388838874,42.1892139282777,42.4883514682289,42.7575752541849,42.9998766615454,43.2179479281699,43.4142120681319,43.5908497940976,43.7498237474669,43.8929003054991,44.0216692077282,44.1375612197344,44.2418640305399,44.3357365602649,44.4202218370174,44.4962585860946,44.5646916602641,44.6262814270167,44.681712217094,44.7315999281636,44.7764988681262,44.8169079140925,44.8532760554623,44.886007382695,44.9154655772045,44.941977952263
0,3,7.85615219548345,11.8940806812088,15.487133326589,18.7158062362055,21.6209850685161,24.2355685984709,26.5886842128082,28.7064870845599,30.6125095232435,32.3279297000383,33.8718078569279,35.2612981978535,36.5118395046527,37.6373266807677,38.6502651392707,39.5619097519233,40.3823899033107,41.1208220395593,41.7854109621831,42.3835409925445,42.9218580198697,43.4063433444624,43.8423801365959,44.234813249516,44.5880030511441,44.9058738726094,45.1919576119281,45.449432977315,45.6811608061632,45.8897158521266,46.0774153934936,46.246344980724,46.3983816092313,46.5352145748878,46.6583642439787,46.7691989461606,46.8689501781242,46.9587262868915,47.039524784782,47.1122434328835,47.1776902161749,47.2365923211371,47.2896042156031,47.3373149206224,47.3802545551399,47.4189002262056,47.4536813301647,47.484984323728,47.5131570179349
0,3,6.10459131904257,9.39591162227244,12.6590663219496,15.7611916980061,18.6160841709724,21.2094847760434,23.552689137058,25.6650571665428,27.5675159552336,29.2802347113173,30.8218743363958,32.2094234412055,33.4582456195213,34.5821962428547,35.5937558667626,36.5041610763854,37.3235263549268,38.0609553303788,38.7246414939285,39.3219590737561,39.8595449080352,40.3433721636242,40.7788166954596,41.1707167747994,41.5234268464673,41.8408659110682,42.1265610692472,42.3836867116227,42.6150997897662,42.8233715600975,43.0108161533964,43.1795162873658,43.3313464079383,43.4679935164536,43.5909759141174,43.7016600720148,43.8012758141225,43.8909299820194,43.9716187331267,44.0442386091232,44.10959649752,44.1684185970772,44.2213584866787,44.26900438732,44.3118856978972,44.3504788774166,44.3852127389841,44.4164732143949,44.4446076422646
0,3,7.24849703488872,11.0585089321629,14.4876397077883,17.5738563485806,20.3514513346035,22.8512868219422,25.1011387605477,27.1260055052927,28.9483855755632,30.5885276388066,32.0646554957257,33.3931705669529,34.5888341310573,35.6649313387513,36.6334188256759,37.5050575639081,38.289532428317,38.9955598062851,39.6309844464563,40.2028666226104,40.7175605811491,41.180785143834,41.5976872502503,41.972899146025,42.3105898522223,42.6145114877998,42.8880409598195,43.1342174846373,43.3557763569733,43.5551793420758,43.7346420286679,43.8961584466009,44.0415232227405,44.1723515212662,44.2900969899394,44.3960679117452,44.4914417413704,44.5772781880331,44.6545309900295,44.7240585118263,44.7866332814434,44.8429505740988,44.8936361374887,44.9392531445396,44.9803084508854,45.0172582265966,45.0505130247367,45.0804423430627,45.1073787295562
0,3,6.92550977106051,11.3448244660553,15.5404371378646,19.3702187553596,22.8302511122615,25.9475373176437,28.7538968282991,31.2798178298257,33.5531953433255,35.5992470742536,37.4406965789186,39.0980018586552,40.5895767890527,41.931994270392,43.1401700144261,44.2275281867229,45.2061505424464,46.0869106627592,46.8795947710805,47.5930104685795,48.235084596331,48.812951311308,49.3330313547874,49.8011033939189,50.2223682291372,50.6015065808337,50.9427310973606,51.2498331622348,51.5262250206215,51.7749776931696,51.9988550984629,52.2003447632268,52.3816854615144,52.5448920899732,52.6917780555861,52.8239754246377,52.9429530567842,53.050032925716,53.1464048077547,53.2331395015894,53.3112007260407,53.3814558280469,53.4446854198524,53.5015920524774,53.5528080218399,53.5989023942662,53.6403873294498,53.6777237711151,53.7113265686138
0,3,6.85006809736757,11.2775634906843,15.2075490445046,18.7476517788216,21.9335669614591,24.8009007125598,27.3815005146388,29.7040403691641,31.7943262363789,33.675583516978,35.3687150695111,36.8925334667913,38.2639700243434,39.4982629261404,40.6091265377576,41.6089037882131,42.5087033136231,43.318522886492,44.0473605020741,44.7033143560979,45.2936728247194,45.8249954464787,46.3031858060621,46.7335571296872,47.1208913209497,47.469492093086,47.7832327880087,48.0655994134391,48.3197293763264,48.548446342925,48.7542916128638,48.9395523558087,49.1062870244591,49.2563482262444,49.3914033078513,49.5129528812974,49.6223474973989,49.7208026518903,49.8094122909325,49.8891609660705,49.9609347736948,50.0255312005565,50.0836679847322,50.1359910904902,50.1830818856725,50.2254636013365,50.2636071454341,50.2979363351219,50.328832605841
0,3,7.05610253919537,10.4563706738897,13.5815967855845,16.3774233260618,18.8980502654858,21.1654762044539,23.2064551749078,25.0432594725394,26.6964032795616,28.1842275275575,29.5232706955972,30.7284091975686,31.8130339400491,32.7891961847245,33.6677422110503,34.4584336331546,35.1700559134612,35.8105159656299,36.3869300126096,36.9057026548841,37.372598032933,37.7928038731766,38.1709891293959,38.5113558599932,38.8176859175309,39.0933829693147,39.3415103159202,39.5648249278651,39.7658080786155,39.9466929142909,40.1094892663988,40.2560059832959,40.3878710285032,40.5065495691898,40.6133602558078,40.709489873764,40.7960065299245,40.873871520469,40.943950011959,41.0070206543001,41.063784232407,41.1148714527033,41.1608499509699,41.2022305994099,41.2394731830058,41.2729915082422,41.3031580009549,41.3303078443964,41.3547427034937
0,3,8.20026276048738,12.8315687164448,17.000701654808,20.7529025593855,24.1298837402489,27.1691667958487,29.904521546029,32.3663408211886,34.5819781688322,36.5760517817115,38.3707180333028,39.985917659735,41.439597323524,42.7479090209341,43.9253895486032,44.9851220235053,45.9388812509173,46.7972645555881,47.5698095297917,48.2651000065751,48.89086143568,49.4540467218745,49.9609134794496,50.4170935612671,50.8276556349029,51.1971615011751,51.5297167808201,51.8290165325005,52.098386309013,52.3408191078742,52.5590086268492,52.7553791939268,52.9321127042966,53.0911728636294,53.234327007029,53.3631657360886,53.4791205922422,53.5834799627805,53.6774033962649,53.7619344864009,53.8380124675233,53.9064826505335,53.9681058152426,54.0235666634809,54.0734814268953,54.1184047139682,54.1588356723339,54.195223534863,54.2279726111392
0,3,7.21050975030133,10.7639531015364,13.9745252515003,16.8633809962105,19.4633860038691,21.8033886696457,23.9093911661455,25.8047934078531,27.5106554256616,29.045931241675,30.4276794760877,31.6712528870592,32.7904689569335,33.7977634198204,34.7043284364186,35.5202369513569,36.2545546148015,36.9154405119015,37.5102378192916,38.0455553959427,38.5273412149286,38.960948452016,39.3511949653946,39.7024168274354,40.0185165032721,40.3030062115251,40.5590469489528,40.7894836126378,40.9968766099542,41.183530307539,41.3515186353653,41.502708130409,41.6387786759483,41.7612421669337,41.8714593088206,41.9706547365188,42.0599306214471,42.1402789178826,42.2125923846746,42.2776745047874,42.3362484128888,42.3889649301802,42.4364097957424,42.4791101747484,42.5175405158538,42.5521278228486,42.583256399144,42.6112721178098,42.6364862646091
0,3,8.03649448323995,12.4488843212762,16.4262451000602,20.005549655684,23.2269402604551,26.1261909538684,28.7355166218065,31.0839097206893,33.1974635098004,35.0996619199944,36.8116404891693,38.3524212014267,39.7391238424584,40.9871562193869,42.1103853586226,43.1212915839346,44.0311071867155,44.8499412292183,45.5868918674708,46.2501474418981,46.8470774588826,47.3843144741687,47.8678277879262,48.3029897703079,48.6946355544514,49.0471167601806,49.3643498453369,49.6498596219775,49.9068184209541,50.1380813400331,50.3462179672041,50.533540931658,50.7021315996666,50.8538632008742,50.9904216419612,51.1133242389394,51.2239365762198,51.3234876797721,51.4130836729693,51.4937200668467,51.5662928213363,51.631608300377,51.6903922315137,51.7432977695367,51.7909127537573,51.8337662395559,51.8723343767747,51.9070457002715,51.9382858914187
0,3,6.41930754231289,9.60522375631884,12.5190761728483,15.161488527835,17.5482095896171,19.6999236669613,21.6380374720137,23.3830133984945,24.9537804438171,26.3675945471689,27.640080293743,28.7853402082397,29.8160838803964,30.7437573645086,31.5786652917038,32.3300831941431,33.0063596355429,33.6150085739236,34.1627926789608,34.6557983994266,35.0995035589623,35.4988382073097,35.8582393928651,36.1817004607407,36.4728154222041,36.7348188876821,36.9706220066812,37.18284481381,37.3738453402386,37.5457458140298,37.7004562404442,37.8396956242181,37.9650110696151,38.0777949704726,38.1793004812444,38.270655440939,38.3528749046642,38.4268724220169,38.4934701876343,38.55340817669,38.6073523668401,38.6559021379752,38.6995969319968,38.7389222466162,38.7743150297737,38.8061685346155,38.834836688973,38.8606380278948,38.8838592329245
0,3,8.01494431786705,11.9480033545402,15.6332690752466,18.9135260615586,21.8749039680224,24.5378508909522,26.9350780590326,29.0924383649669,31.0340987796803,32.7815840922461,34.3543231452011,35.7697877233254,37.0437059864282,38.1902323874209,39.2221061572898,40.1507925479216,40.9866103000544,41.7388462768324,42.4158586559681,43.0251697971814,43.5735498242755,44.0670918486597,44.5112796706056,44.9110487103568,45.270840846133,45.5946537683315,45.8860853983102,46.148373865291,46.3844334855738,46.5968871438282,46.7880954362572,46.9601828994433,47.1150616163108,47.2544524614916,47.3799042221543,47.4928108067507,47.5944267328874,47.6858810664105,47.7681899665813,47.842267976735,47.9089381858734,47.9689413740979,48.0229442434999,48.0715468259618,48.1152891501774,48.1546572419715,48.1900885245862,48.2219766789394,48.2506760178573
0,3,7.1027747061414,10.3691405937871,13.4913130635424,16.2231573687282,18.7152595225343,20.9438335388504,22.9556802050389,24.7637176944907,26.3920750884208,27.8571156638387,29.1758581501336,30.3626382048206,31.4307780085535,32.3920876677577,33.2572732815363,34.0359373710078,34.7367363200757,35.3674548311247,35.935101723596,36.4459838272663,36.9057777631924,37.3195922872774,37.6920253667668,38.0272151349623,38.3288859277703,38.6003896406844,38.8447429825696,39.0646609901539,39.2625871970278,39.4407207831938,39.601041010752,39.7453292155506,39.875188599871,39.9920620457586,40.0972481470577,40.1919156382269,40.2771163802791,40.3537970481261,40.4228096491885,40.4849209901446,40.540821197005,40.5911313831795,40.6364105507364,40.6771618015377,40.7138379272589,40.7468464404079,40.7765541022421,40.8032909978928,40.8273542039785
0,3,6.1243240946671,9.00394299874257,11.6064100895053,13.9503558892547,16.0601825064631,17.9590704186867,19.6680765557107,21.2061831988738,22.5904793564607,23.8363459268179,24.9576258446931,25.9667777715075,26.8750145057565,27.6924275665991,28.4280993213604,29.090203900646,29.6860980220032,30.2224027312246,30.7050769695239,31.1394837839933,31.5304499170157,31.8823194367359,32.1990020044841,32.4840163154574,32.7405291953335,32.9713907872219,33.1791662199215,33.3661641093511,33.5344622098377,33.6859305002757,33.8222519616699,33.9449412769247,34.055361660654,34.1547400060103,34.2441805168311,34.3246769765697,34.3971237903345,34.4623259227228,34.5210078418723,34.5738215691069,34.6213539236179,34.6641330426779,34.7026342498319,34.7372853362705,34.7684713140652,34.7965386940804,34.8217993360941,34.8445339139065,34.8649950339376
0,3,6.81190998055972,10.6369712800011,14.2193811730341,17.4931499874382,20.4571326822776,23.1309557257911,25.5396090101969,27.7081816521825,29.6601753212961,31.4170683203787,32.9983070227073,34.4214342687801,35.7022531929009,36.854991786025,37.8924570735975,38.8261760288058,39.6665231581445,40.4228355992515,41.1035168050085,41.7161298932967,42.2674816738581,42.7636982767541,43.2102932194991,43.6122286680187,43.9739705717038,44.2995382850266,44.5925492270193,44.8562590748135,45.0935979378286,45.3072029145423,45.4994473935846,45.6724674247227,45.828185452747,45.9683316779689,46.0944632806685,46.2079817230983,46.310148321285,46.4020982596531,46.4848532041843,46.5593326542625,46.6263641593328,46.6866925138961,46.740988033003,46.7898540001993,46.8338333706759,46.8734148041049,46.909038094191,46.9410990552685,46.9699539202382
0,3,7.83825662266463,11.6268937072269,15.1245563805735,18.2457413763181,21.0629260331843,23.5959249441856,25.8763738225469,27.9285499152779,29.7755776616798,31.4378815829727,32.9339615098175,34.2804314995877,35.492255081322,36.5828961252835,37.5644731194328,38.447892397578,39.2429697529504,39.9585393712533,40.6025520281916,41.1821634192946,41.7038136713303,42.1732988981493,42.5958356022904,42.9761186360162,43.3183733663697,43.6264026236878,43.9036289552742,44.1531326537018,44.3776859822868,44.5797839780132,44.761672174167,44.9253715507054,45.0727009895899,45.205297484586,45.3246343300825,45.4320374910294,45.5287003358816,45.6156968962485,45.6939938005787,45.764461014476,45.8278815069835,45.8849599502402,45.9363305491713,45.9825640882093,46.0241742733434,46.0616234399642,46.0953276899229,46.1256615148857,46.1529619573522
0,3,7.82338202898391,11.9100992716657,15.5479603038829,18.8156859440655,21.7556358104778,24.401432179613,26.7826238666021,28.9256924276583,30.854453507352,32.5903383802837,34.1526347503126,35.5587014808722,36.8241615379862,37.9630755893272,38.9880982355244,39.9106186171003,40.7408869605184,41.4881284695946,42.1606458277632,42.765911450115,43.3106505102315,43.8009156643364,44.2421543030309,44.6392690778558,44.9966723751983,45.3183353428066,45.607832013654,45.8683790174167,46.1028713208031,46.3139143938508,46.5038531595938,46.6747980487625,46.8286484490143,46.967113809241,47.0917326334449,47.2038895752285,47.3048308228337,47.3956779456784,47.4774403562386,47.5510265257428,47.6172540782966,47.676858875595,47.7305031931636,47.7787830789753,47.8222349762058,47.8613416837133,47.8965377204701,47.9282141535511,47.9567229433241
0,3,6.6149207647657,9.85474547181536,12.7670111024421,15.3871098490636,17.7449515024183,19.8669439945029,21.776720149379,23.4955141961828,25.0424276571664,26.4346494615196,27.687649003796,28.8153485703804,29.8302781746632,30.7437148170341,31.5658077947778,32.3056914746446,32.9715867864978,33.5708925671586,34.1102677697514,34.5957054520845,35.0325993661841,35.4258038888737,35.7796879592944,36.098183622673,36.3848297197137,36.6428112070503,36.8749945456533,37.083959550396,37.2720280546644,37.441289708506,37.5936251969635,37.7307271365751,37.8541188822256,37.9651714533111,38.065118767288,38.1550713498672,38.2360286741885,38.3088902660777,38.374465698778,38.4334835882082,38.4865996886954,38.5344041791339,38.5774282205285,38.6161498577837,38.6509993313134,38.68236385749,38.7105919310491,38.7359971972522,38.758861936835
0,3,6.0906666775234,8.92001147901265,11.4722568645327,13.7699908358595,15.8380385635682,17.6992921698532,19.3744217172495,20.8820384689965,22.2388935650118,23.4600631538018,24.5591157840032,25.5482631512199,26.4384957817193,27.2397051491693,27.9607935798743,28.6097731675089,29.19385479638,29.719528262364,30.1926343817496,30.6184298891966,31.001645845899,31.346540206931,31.6569451318599,31.9363095642959,32.1877375534883,32.4140227437615,32.6176794150073,32.8009704191286,32.9659323228377,33.1143980361759,33.2480171781803,33.3682744059843,33.4765059110079,33.5739142655291,33.6615817845982,33.7404825517603,33.8114932422063,33.8754028636077,33.9329215228689,33.984688316204,34.0312784302056,34.073209532807,34.1109475251483,34.1449117182555,34.1754794920519,34.2029904884687,34.2277503852438,34.2500342923414,34.2700898087293
0,3,7.49712886812631,11.8106867539471,15.73230255968,19.267593672571,22.4502200754103,25.3147118495934,27.8927734039627,30.2130316103804,32.3012644119248,34.180673994887,35.8721426286715,37.3944644004279,38.7645539952087,39.997634630541,41.1074072023444,42.1062025169682,43.0051183001296,43.814142504975,44.5422642893358,45.1975738952605,45.7873525405927,46.3181533213918,46.7958740241109,47.2258226565581,47.6127764257606,47.9610348180428,48.2744673710968,48.5565566688455,48.8104370368192,49.0389293679956,49.2445724660543,49.4296512543072,49.5962221637348,49.7461359822196,49.881058418856,50.0024886118287,50.1117757855041,50.210134241812,50.2986568524891,50.3783272020985,50.4500305167469,50.5145634999305,50.5726431847958,50.6249149011745,50.6719594459154,50.7142995361821,50.7524056174222,50.7867010905383,50.8175670163428
0,3,6.49812567300008,10.1964475649728,13.6092336057143,16.6936606043446,19.4716250019555,21.9720964369232,24.222567240396,26.2479980921193,28.0708869512251,29.7114870918691,31.1880272441126,32.516913385065,33.7129109125251,34.7893086873315,35.7580666846714,36.6299488822796,37.4146428601272,38.1208674401901,38.7564695622468,39.3285114720978,39.8433491909636,40.3067031379429,40.7237216902243,41.0990383872775,41.4368234146254,41.7408299392386,42.0144358113904,42.260681096327,42.4823018527699,42.6817605335686,42.8612733462874,43.0228348777343,43.1682402560366,43.2991050965086,43.4168834529334,43.5228839737157,43.6182844424198,43.7041448642535,43.7814192439038,43.8509661855891,43.9135584331058,43.9698914558709,44.0205911763595,44.0662209247992,44.1072876983949,44.1442477946311,44.1775118812436,44.2074495591949,44.2343934693511
0,3,8.07566108959727,11.6501517909624,15.2827617320444,18.3783020272671,21.2369825930556,23.7793911999735,26.0802751739292,28.1457522737321,30.0069060807025,31.6810141594584,33.1881005419333,34.5443155428522,35.7649771099739,36.8635440521133,37.8522662067013,38.7421111659489,39.5429737120738,40.2637491324683,40.9124473751625,41.4962756412049,42.021721144376,42.494622070574,42.920232915301,43.3032826708924,43.6480274528748,43.9582977558433,44.2375410288562,44.488859974425,44.7150470254967,44.9186153714362,45.1018268827923,45.2667172430083,45.4151185672046,45.5486797589805,45.6688848315791,45.7770693969177,45.8744355057225,45.9620650036468,46.0409315517787,46.1119114450974,46.1757933490842,46.2332870626724,46.2850314049017,46.3316013129081,46.3735142301138,46.411235855599,46.4451853185357,46.4757398351787,46.5032389001574
0,3,7.52716292425369,11.3931688079824,14.9363162881626,18.1056563531605,20.9640233631733,23.5347307844978,25.8489249115253,27.9315291556168,29.8059251059177,31.4928655193942,33.0111167666005,34.377541398264,35.6073240226618,36.7141282452032,37.7102520881247,38.6067635337163,39.4136238387358,40.139798112034,40.7933549583753,41.3815561199685,41.9109371654372,42.3873801063483,42.8161787531716,43.2020975353116,43.5494244392379,43.8620186527715,44.1433534449517,44.3965547579139,44.6244359395799,44.8295290030793,45.0141127602287,45.1802381416632,45.3297509849543,45.4643125439162,45.585417946982,45.6944128097412,45.7925081862244,45.8807940250594,45.9602512800108,46.0317628094671,46.0961231859778,46.1540475248374,46.206179429811,46.2530981442873,46.295324987316,46.3333291460417,46.3675328888949,46.3983162574628,46.4260212891739
0,3,7.81590230001602,10.6731947908323,14.2758013077305,16.7984206031414,19.5711878559195,21.7159678427012,23.8910856407165,25.6777963654499,27.4051306063408,28.8764570474312,30.2587810725286,31.4622945053435,32.5737824683269,33.5543485719158,34.4506607824705,35.2477066939538,35.9717738441518,36.61873926936,37.2042855347744,37.7289893749829,38.2028198441425,38.6281524609304,39.0117300133529,39.3564065847574,39.666994701363,39.9462593016083,40.1977822206935,40.4240238617632,40.62773137833,40.8110052904996,40.9759956862231,41.1244564153006,41.2580924509013,41.378349958889,41.4865921339117,41.5840028191944,41.6716775123824,41.7505811926137,41.8215969784817,41.8855094590082,41.9430318968546,41.9948012494982,42.0413942542349,42.0833275484891,42.1210677995273,42.1550338256713,42.1856033886659,42.2131158980066,42.2378772243721
0,3,6.5342878259796,10.0789952343937,13.2765776734473,16.1545501731197,18.7447284169599,21.075888896865,23.17393333,25.0621733198461,26.7615893107081,28.2910637024839,29.6675906550822,30.9064649124206,32.0214517440251,33.0249398924693,33.928079226069,34.7409046263087,35.4724474865245,36.1308360607187,36.7233857774934,37.2566805225907,37.7366457931783,38.1686145367071,38.557386405883,38.9072810881414,39.2221863021739,39.5056009948031,39.7606742181694,39.9902401191991,40.1968494301258,40.3827978099599,40.5501513518105,40.7007695394761,40.8363259083751,40.9583266403843,41.0681272991925,41.1669478921199,41.2558864257545,41.3359311060257,41.4079713182698,41.4728075092894,41.5311600812071,41.583677395933,41.6309429791864,41.6734820041144,41.7117671265496,41.7462237367412,41.7772346859137,41.805144540169,41.8302634089987
0,3,7.51107324714152,11.0173645584175,14.2645581923032,17.1722840134401,19.7917195222619,22.1487936963924,24.2702307691211,26.179512299888,27.8978676694412,29.4443871667943,30.8362547708361,32.0889356049772,33.2163483573026,34.2310198341263,35.144224163313,35.9661080595734,36.705803566209,37.3715295221809,37.9706828825556,38.5099209068928,38.9952351287963,39.4320179285095,39.8251224482513,40.178916516019,40.4973311770099,40.7839043719017,41.0418202473043,41.2739445351666,41.4828563942428,41.6708770674113,41.8400956732629,41.9923924185294,42.1294594892693,42.2528198529352,42.3638441802344,42.4637660748038,42.5536957799162,42.6346325145174,42.7074755756584,42.7730343306853,42.8320372102096,42.8851398017814,42.9329321341961,42.9759452333693,43.0146570226251,43.0494976329554,43.0808541822527,43.1090750766202,43.1344738815509
0,3,6.39806328386379,10.2287529183742,13.8217475062681,17.0585430221748,19.9717251083821,22.593590396149,24.9532691852141,27.0769800960141,28.9883199157478,30.7085257535084,32.256711007493,33.6500777360791,34.9041077918066,36.0327348419613,37.0484991871006,37.9626870977259,38.7854562172887,39.5259484248952,40.1923914117411,40.7921900999024,41.3320089192475,41.8178458566582,42.2550991003278,42.6486270196304,43.0028021470027,43.3215597616378,43.6084416148095,43.8666352826639,44.0990095837329,44.308146454695,44.4963696385609,44.6657705040402,44.8182312829716,44.9554459840098,45.0789392149442,45.1900831227852,45.2901126398421,45.3801392051933,45.4611631140093,45.5340846319438,45.5997139980848,45.6587804276117,45.7119402141859,45.7597840221027,45.8028434492278,45.8415969336404,45.8764750696118,45.907865391986,45.9361166821228
0,3,6.40525528367919,9.64489662177867,12.592591283681,15.25137725531,17.6453574412018,19.8001359859758,21.7394726230477,23.4848821764475,25.0557519789787,26.4695350217346,27.7419398005732,28.8871041089155,29.9177519877758,30.8453350789976,31.6801598611426,32.4315021650814,33.1077102386278,33.7162975048198,34.2640260443927,34.7569817300083,35.2006418470624,35.5999359524111,35.9593006472248,36.2827288725573,36.5738142753564,36.8357911378757,37.071570314143,37.2837715727836,37.4747527055601,37.646635725059,37.801330442608,37.9405556884021,38.0658584096168,38.17863085871,38.2801260628939,38.3714717466594,38.4536828620483,38.5276728658984,38.5942638693634,38.654195772482,38.7081344852887,38.7566793268147,38.8003696841881,38.8396910058242,38.8750801952967,38.9069304658219,38.9355957092946,38.96139442842,38.9846132756329
0,3,7.38659106998239,10.919481141498,14.1527373494315,17.047418618519,19.6569657664539,22.0043264326514,24.1173011124758,26.018878828078,27.7303270499272,29.2706224127614,30.6568905234581,31.9045311739084,33.0274079438161,34.0379969842956,34.9475271356304,35.7661042675961,36.502823687569,37.1658711652025,37.7626138951698,38.2996823521128,38.7830439633694,39.2180694134981,39.6095923186145,39.9619629332191,40.2790964863633,40.5645166841931,40.8213948622399,41.052585222482,41.2606565466999,41.447920738496,41.6164585111125,41.7681425064674,41.9046581022867,42.0275221385242,42.1380997711378,42.2376196404902,42.3271875229073,42.4077986170826,42.4803486018405,42.5456435881225,42.6044090757764,42.6572980146648,42.7048980596645,42.7477381001641,42.7862941366138,42.8209945694185,42.8522249589428,42.8803323095146,42.9056289250293
0,3,7.18467424688861,11.1661599246291,14.7807126266624,18.038336342254,20.9708540007542,23.610215059484,25.9856538114921,28.1235506891865,30.0476581692416,31.7793549433602,33.3378820461671,34.7405564395777,36.0029633937756,37.1391296525722,38.1616792854919,39.08197395512,39.9102391577853,40.6556778401842,41.3265726543431,41.9303779870862,42.4738027865549,42.9628851060768,43.4030591936465,43.7992158724592,44.1557568833906,44.4766437932289,44.7654420120834,45.0253604090524,45.2592869663245,45.4698208678695,45.6593013792599,45.8298338395112,45.9833130537375,46.1214443465411,46.2457625100644,46.3576488572353,46.4583465696891,46.5489745108976,46.6305396579852,46.703948290364,46.770016059505,46.8294770517318,46.882991944736,46.9311553484398,46.9745024117732,47.0135147687732,47.0486258900733,47.0802258992433,47.1086659074963
0,3,5.92214022036642,8.67482131716473,11.2200687787119,13.6420092965287,15.9685869817067,18.1189420532488,20.0759526907281,21.8455993134647,23.4414856514068,24.8790149706049,26.1732647339575,27.3382714649255,28.3868474536675,29.3305927217398,30.1799737937482,30.9444207292174,31.6324244972791,32.2516284751123,32.8089122806156,33.3104677922224,33.7618677859744,34.1681277931524,34.5337618045327,34.8628324166661,35.158995968313,35.4255431650747,35.6654356422675,35.8813388717823,36.0756517783615,36.2505333942888,36.4079268486258,36.54958095753,36.6770696555441,36.7918094837569,36.8950753291485,36.988014590001,37.0716599247682,37.1469407260587,37.2146934472201,37.2756708962654,37.3305506004062,37.3799423341329,37.4243948944869,37.4644021988055,37.5004087726923,37.5328146891904,37.5619800140387,37.5882288064021,37.6118527195292
0,3,7.60936300212052,11.810974527605,15.5939063503521,18.9985862562344,22.062799320966,24.8205911112417,27.3026037233817,29.5364150743326,31.546845290189,33.3562324844598,34.9846809593036,36.4502845866629,37.7693278512864,38.9564667894474,40.0248918337924,40.9864743737029,41.8518986596223,42.6307805169498,43.3317741885446,43.9626684929798,44.5304733669716,45.0414977535641,45.5014197014974,45.9153494546374,46.2878862324634,46.6231693325068,46.9249241225458,47.196503433581,47.4409248135126,47.6609040554511,47.8588853731957,48.0370685591658,48.197433426539,48.3417618071748,48.471657349747,48.5885633380621,48.6937787275456,48.7884725780807,48.8736970435624,48.9503990624959,49.019430879536,49.0815595148721,49.1374752866746,49.1877994812969,49.2330912564569,49.2738538541009,49.3105401919806,49.3435578960722,49.3732738297547
0,3,6.85849476975078,11.0205878482539,14.650809225148,17.9374120937601,20.8920995048203,23.5518642651993,25.9455609369092,28.0999033104672,30.0388088683486,31.7838243029834,33.3543381215911,34.7678005705114,36.0399167724975,37.1848213546275,38.2152354784871,39.1426081899703,39.9772436303037,40.7284155266039,41.4044702332741,42.0129194692773,42.5605237816801,43.0533676628427,43.496927155889,43.8961306996307,44.2554138889982,44.578768759429,44.8697881428166,45.1317055878656,45.3674312884096,45.5795844188992,45.7705222363399,45.9423662720365,46.0970259041634,46.2362195730776,46.3614938751005,46.474240746921,46.5757129315595,46.6670378977341,46.7492303672913,46.8232035898927,46.889779490234,46.9496978005412,47.0036242798177,47.0521581111665,47.0958385593804,47.135150962773,47.1705321258262,47.2023751725742,47.2310339146474
0,3,7.71381122475335,11.026439452625,14.5369563740285,17.3952807528266,20.1391523629362,22.5111044082884,24.7013670732526,26.641015031408,28.404675218262,29.981738637233,31.4069180476447,32.6862660191626,33.8395649096811,34.8764607475106,35.8102777404484,36.6503654617554,37.4066422148233,38.0871787221197,38.6997256426916,39.2509814122935,39.7471323537522,40.193656392885,40.5955347481559,40.9572214435093,41.2827416457932,41.575708589219,41.8393795432081,42.0766830006353,42.2902563406222,42.4824722166833,42.6554665790799,42.8111614631566,42.9512868827736,43.0773997468,43.19090133218,43.2930527546079,43.3849890373051,43.467731690303,43.5422000788146,43.6092216280121,43.6695410225533,43.7238284774905,43.7726871870193,43.8166600255466,43.8562355802488,43.8918535794651,43.9239097787687,43.9527603581369,43.9787258795711
0,3,7.25239718780698,11.0752704262137,14.5168166633687,17.6139930177439,20.4014999876185,22.9102454449197,25.1681187808354,27.2002042397358,29.0290812745561,30.6750705785903,32.1564609583413,33.4897122987454,34.6896385054166,35.7695720913518,36.7415123187088,37.6162585233268,38.4035301074837,39.1120745332247,39.7497645163916,40.3236855012419,40.8402143876071,41.3050903853359,41.7234787832917,42.1000283414519,42.4389229437962,42.743928085906,43.0184327138048,43.2654868789138,43.4878356275118,43.6879495012501,43.8680519876145,44.0301442253425,44.1760272392976,44.3073219518573,44.425487193161,44.5318359103343,44.6275497557903,44.7136922167007,44.7912204315201,44.8609958248575,44.9237936788612,44.9803117474645,45.0311780092075,45.0769576447761,45.1181593167879,45.1552408215986,45.1886141759281,45.2186501948248,45.2456826118317
0,3,7.04424742232077,10.4724011929851,13.4734757187268,16.1859567532878,18.6240658252717,20.8192115259724,22.7946127111735,24.5725361644739,26.1726503462966,27.6127577021794,28.9088530765501,30.075339251516,31.1251767172736,32.0700304613378,32.9203988242447,33.6857303526926,34.3745287277987,34.994447265529,35.5523739494497,36.0545079649883,36.5064285789703,36.9131571315548,37.2792128288807,37.6086629564741,37.9051680713081,38.1720226746587,38.4121918176742,38.6283440463882,38.8228810522308,38.9979643574891,39.1555393322216,39.2973568094809,39.4249925390142,39.5398646955942,39.6432496365162,39.736296083346,39.8200378854928,39.8954055074249,39.9632363671639,40.0242841409289,40.0792271373174,40.1286758340671,40.1731796611418,40.213233105509,40.2492812054395,40.281724495377,40.3109234563207,40.3372025211701,40.3608536795345
0,3,6.66446159505285,10.1472569683885,13.3171745514214,16.1768829506438,18.7519199745357,21.0697022587629,23.1557540130108,25.0332097303163,26.7229216267213,28.2436626689249,29.6123296711746,30.844129985512,31.9527502707746,32.9505085279629,33.848490959519,34.6566751479361,35.3840409175146,36.0386701101359,36.6278363834952,37.1580860295186,37.6353107109396,38.0648129242185,38.4513649161696,38.7992617089255,39.1123688224059,39.3941652245382,39.6477819864572,39.8760370721844,40.0814666493389,40.2663532687779,40.432751226273,40.5825093880186,40.7172917335896,40.8385958446036,40.9477695445161,41.0460258744374,41.1344565713665,41.2140441986028,41.2856730631154,41.3501390411768,41.408158421432,41.4603758636617,41.5073715616684,41.5496676898745,41.5877342052599,41.6219940691068,41.652827946569,41.680578436285,41.7055538770294
0,3,6.58842791283969,9.86938809552527,12.825223122145,15.4856464419515,17.8800373642042,20.0349897687092,21.9744469659839,23.7199584454522,25.2909187770847,26.7047830755604,27.9772609441889,29.1224910259546,30.1531980995437,31.0808344657739,31.9157071953811,32.6670926520275,33.3433395630093,33.951961782893,34.4997217807882,34.992705778894,35.4363913771891,35.8357084156548,36.1950937502739,36.5185405514311,36.8096426724725,37.0716345814098,37.3074272994534,37.5196407456926,37.7106328473079,37.8825257387617,38.0372293410701,38.1764625831477,38.3017725010175,38.4145514271003,38.5160524605748,38.6074033907019,38.6896192278163,38.7636134812192,38.8302083092819,38.8901436545382,38.944085465269,38.9926330949267,39.0363259616186,39.0756495416413,39.1110407636617,39.1428928634801,39.1715597533167,39.1973599541696,39.2205801349372
0,3,8.22007105113007,12.2979483187298,16.0421681299938,19.3906597639372,22.4104259676612,25.1264554945645,27.5713879364587,29.7716817399,31.7519879515768,33.5342515313962,35.1382922052932,36.5819278196248,37.88120015769,39.0505451799873,40.1029557236118,41.0501252061033,41.9025777422916,42.6697850243017,43.3602715782716,43.9817094767983,44.5410035854856,45.0443682833004,45.4973965113348,45.9051219165654,46.272074781273,46.6023323595099,46.8995641799231,47.167072818295,47.4078305928296,47.6245125899109,47.8195263872839,47.9950388049197,48.1529999807919,48.2951650390769,48.4231135915334,48.5382672887442,48.641905616234,48.7351801109748,48.8191271562414,48.8946794969815,48.9626766036475,49.0238739996469,49.0789516560464,49.1285215468059,49.1731344484895,49.2132860600048,49.2494225103685,49.2819453156958,49.3112158404904
0,3,6.85431155472373,10.64147552655,14.0348252932789,17.0895562491175,19.8387801379884,22.3130832494076,24.5399559732463,26.544141428327,28.3479083377277,29.9712985561964,31.4323497528179,32.7472958297773,33.9307472990407,34.9958536213778,35.9544493114812,36.8171854325742,37.5936479415579,38.2924641996433,38.9213988319201,39.4874400009692,39.9968770531135,40.4553704000433,40.8680144122801,41.2393940232932,41.5736356732051,41.8744531581257,42.1451888945543,42.38885105734,42.6081470038472,42.8055133557036,42.9831430723744,43.1430098173781,43.2868898878814,43.4163819513344,43.5329248084421,43.6378133798391,43.7322130940963,43.8171728369279,43.8936366054762,43.9624539971698,44.0243896496939,44.0801317369657,44.1302996155103,44.1754507062004,44.2160866878215,44.2526590712805,44.2855742163936,44.3151978469954,44.341859114537
0,3,6.39077642695047,10.3355490929468,13.8733131019394,17.0593375450879,19.9264284795378,22.5068641312948,24.82924747155,26.9193938993956,28.8005254533891,30.4935438895407,32.0172604759726,33.3886054047535,34.622815840495,35.7336052326886,36.7333156856586,37.6330550933323,38.4428205602385,39.1716094804541,39.8275195086482,40.4178385340228,40.94912565686,41.4272840674134,41.8576266369115,42.2449349494598,42.5935124307533,42.9072321639174,43.1895799237651,43.4436929076281,43.6723945931047,43.8782261100337,44.0634744752698,44.2301980039822,44.3802491798235,44.5152952380806,44.636836690512,44.7462239977002,44.8446725741696,44.9332762929921,45.0130196399324,45.0847886521786,45.1493807632002,45.2075136631196,45.2598332730471,45.3069209219818,45.3492998060231,45.3874408016602,45.4217676977337,45.4526619041998,45.4804666900192
0,3,7.08928238726221,11.3173130905101,15.3384432723542,19.0425725523343,22.4098414139127,25.4536103063562,28.1982165643468,30.670417736237,32.8962091164059,34.8997408013611,36.7030452471031,38.3260688915372,39.7868097416695,41.1014842216403,42.2846942949277,43.3495845598191,44.3079862708592,45.1705479971163,45.9468536241984,46.6455287175277,47.2743363129387,47.8402631533084,48.3495973114151,48.8079980544104,49.2205587233818,49.5918633255648,49.9260374675723,50.226794195396,50.497475250444,50.7410881999897,50.960339854582,51.1576663437154,51.3352601839356,51.4950946401339,51.6389456507124,51.768411560233,51.8849308788016,51.9897982655133,52.0841789135539,52.1691214967904,52.2455698217032,52.3143733141248,52.3762964573042,52.4320272861657,52.482185032141,52.5273270035188,52.5679547777588,52.6045197745748,52.6374282717092
0,3,7.61494601913728,11.421820592884,14.8144616350723,17.8645915612626,20.6093942081178,23.0796861696587,25.3029459905537,27.3038795443541,29.1047197151882,30.7254758662687,32.1841564019827,33.4969688841003,34.6785001180037,35.7418782285165,36.698918527978,37.5602547974934,38.3354574400572,39.0331398183646,39.6610539588413,40.2261766852704,40.7347871390565,41.192536547464,41.6045110150308,41.9752880358409,42.30898735457,42.6093167414261,42.8796131895967,43.1228799929502,43.3418201159683,43.5388662266847,43.7162077263294,43.8758150760096,44.0194616907218,44.1487436439628,44.2650974018797,44.3698157840049,44.4640623279175,44.548884217439,44.6252239180082,44.6939296485206,44.7557648059817,44.8114164476967,44.8615029252402,44.9065807550293,44.9471508018396,44.9836638439688,45.0165255818851,45.0461011460097,45.0727191537219
0,3,6.73404195077407,11.2332278242642,15.3240387116622,19.00728436264,22.3222607592824,25.3057415344521,27.9908743057451,30.4074938025957,32.5824513498594,34.5399131424003,36.3016287556872,37.8871728076454,39.3141624544078,40.598453136494,41.7543147503715,42.7945902028613,43.7308381101022,44.5734612266189,45.331822031484,46.0143467558625,46.6286190078032,47.1814640345498,47.6790245586218,48.1268290302866,48.5298530547849,48.8925746768333,49.2190241366769,49.5128286505362,49.7772527130095,50.0152343692355,50.2294178598389,50.422183001382,50.5956716287707,50.7518113934206,50.8923371816055,51.0188103909719,51.1326362794017,51.2350795789884,51.3272785486165,51.4102576212818,51.4849387866806,51.5521518355395,51.6126435795125,51.6670861490882,51.7160844617063,51.7601829430626,51.7998715762833,51.8355913461819,51.8677391390907
0,3,6.43741207974963,9.74981442449544,12.7103906724298,15.3802374534827,17.7817204902406,19.9434121616092,21.8888422809059,23.6397532999029,25.2155670280469,26.633800985239,27.9102111321081,29.0589803716005,30.092872659369,31.0233757255495,31.8608284832513,32.6145359656645,33.2928726997117,33.9033757603864,34.4528285149854,34.9473359941266,35.3923927253531,35.7929437834571,36.1534397357507,36.4778860928149,36.7698878141727,37.0326893633947,37.2692107576946,37.4820800125644,37.6736623419472,37.8460864383918,38.0012681251919,38.140931643312,38.2666288096201,38.3797562592974,38.4815709640069,38.5732041982455,38.6556741090603,38.7298970287936,38.7966976565535,38.8568182215374,38.910926730023,38.95962438766,39.0034522795333,39.0428973822192,39.0783979746366,39.1103485078122,39.1391039876703,39.1649839195426,39.1882758582276
0,3,6.56542811868712,10.0086284829667,13.1653903619476,16.0086836977249,18.5677319011077,20.870878495647,22.9437105532212,24.8092594097097,26.4882533807276,27.9993479546504,29.3593330711813,30.583319676059,31.684907620449,32.6763367704,33.5686230053559,34.3716806168162,35.0944324671305,35.7449091324134,36.3303381311679,36.857224230047,37.3314217190382,37.7581994591303,38.1422994252132,38.4879893946878,38.7991103672149,39.0791192424893,39.3311272302363,39.5579344192085,39.7620608892836,39.9457747123511,40.1111171531119,40.2599253497966,40.3938527268129,40.5143873661275,40.6228685415106,40.7205015993555,40.8083713514158,40.8874541282701,40.958628627439,41.022685676691,41.0803370210178,41.1322232309119,41.1789208198166,41.2209486498309,41.2587736968437,41.2928162391552,41.3234545272356,41.3510289865079,41.375845999853
0,3,7.9214635120472,11.6359512968616,15.2090103031008,18.3507468641654,21.2021270409671,23.7607052049439,26.0658916965031,28.1397659754951,30.0065081818684,31.6864939985951,33.1985076742463,34.5593114741954,35.7840376319242,36.8862902929106,37.8783179712794,38.7711427905919,39.5746851573261,40.2978732779415,40.9487425895348,41.5345249689907,42.0617291108157,42.536212838357,42.9632481931767,43.3475800125039,43.6934786499018,44.0047874235589,44.2849653198505,44.537125426513,44.7640695225091,44.9683192089057,45.1521439266626,45.3175861726438,45.4664841940269,45.6004924132717,45.721099810592,45.8296464681803,45.9273384600098,46.0152612526563,46.0943917660381,46.1656092280818,46.2297049439211,46.2873910881764,46.3393086180063,46.3860343948531,46.4280875940153,46.4659354732613,46.4999985645826,46.5306553467718,46.5582464507421
0,3,7.3184525325972,11.4246823431989,15.0925920608446,18.3972037543889,21.3709137747666,24.0473083460742,26.4560564543361,28.6239306353042,30.5750172867512,32.3309952871054,33.9113754856521,35.3337176645676,36.6138256255633,37.7659227904631,38.8028102388724,39.7360089424408,40.5758877756524,41.3317787255429,42.0120805804442,42.6243522498555,43.1753967523256,43.6713368045487,44.1176828515495,44.5193942938503,44.8809345919209,45.2063208601845,45.4991685016217,45.7627313789152,45.9999379684794,46.2134238990871,46.4055612366341,46.5784848404263,46.7341160838394,46.8741842029111,47.0002455100757,47.1137006865238,47.2158103453271,47.3077090382501,47.3904178618807,47.4648558031483,47.5318499502892,47.5921446827159,47.6464099419,47.6952486751657,47.7392035351048,47.77876290905,47.8143663456007,47.8464094384963,47.8752482221023
0,3,8.31516169595998,11.6649025034978,15.4658855265239,18.4556843763657,21.3828696299432,23.8877356771456,26.2131757459596,28.2671089523344,30.1370123440185,31.8082116917812,33.3187137808668,34.6746440793457,35.8969122467898,36.9958948771343,37.9855597454954,38.8759398357279,39.6774564374599,40.3987256886446,41.0479204821659,41.6321670281975,42.158004693323,42.6312499431481,43.0571754101593,43.4405057303174,43.7855044441345,44.0960025048661,44.3754511881361,44.6269547680695,44.8533081188664,45.0570260639309,45.2403722532281,45.4053838023547,45.5538942082151,45.6875535671037,45.8078469936048,45.9161110755359,46.0135487503266,46.1012426570611,46.1801671734385,46.2511992380047,46.3151280962095,46.3726640685415,46.424446443669,46.4710505812681,46.5129943051158,46.5507436565741,46.5847180728891,46.6152950475712,46.6428143247858
0,3,6.6180223434465,9.93454637387394,12.9233793023677,15.6135891517118,18.0347951092856,20.2138815939339,22.175059503875,23.940119627667,25.5286737393982,26.9583724399771,28.2451012704995,29.4031572179697,30.445407570693,31.3834328881439,32.2276556738497,32.9874561809849,33.6712766374066,34.2867150481862,34.8406096178878,35.3391147306192,35.7877693320775,36.1915584733899,36.5549687005711,36.8820379050342,37.176400189051,37.4413262446661,37.6797596947197,37.894349799768,38.0874808943114,38.2612988794004,38.4177350659806,38.5585276339028,38.6852409450327,38.7992829250496,38.9019207070649,38.9942947108786,39.0774313143109,39.1522542574,39.2195949061802,39.2802014900824,39.3347474155944,39.3838387485552,39.4280209482199,39.4677849279181,39.5035725096465,39.535781333202,39.564769274402,39.590858421482,39.614338653854
0,3,6.93332217216958,10.4981328904036,13.7069620577858,16.5949183613521,19.194079236878,21.5333240289229,23.6386443418454,25.5334326234772,27.2387420769459,28.7735205850677,30.1548212423773,31.3979918339559,32.5168453663767,33.5238135455555,34.4300849068163,35.245729131951,35.9798089345723,36.6404807569315,37.2350853970547,37.7702295731656,38.2518593316655,38.6853261143153,39.0754462187002,39.4265543126465,39.7425515971983,40.0269491532948,40.2829069537817,40.51326897422,40.7205947926143,40.9071880291693,41.0751219420688,41.2262624636783,41.3622889331268,41.4847127556305,41.5948941958839,41.6940574921119,41.7833044587171,41.8636267286618,41.935916771612,42.0009778102672,42.0595327450568,42.1122321863676,42.1596616835472,42.2023482310089,42.2407661237244,42.2753422271683,42.3064607202679,42.3344673640575,42.3596733434681
0,3,6.05865802419527,9.36523977039387,12.4301206457369,15.2028029813685,17.7005124674958,19.9488197212247,21.9723554778594,23.7935471728928,25.4326212267026,26.9077881206248,28.2354383645893,29.4303235904918,30.5057202948217,31.473577328882,32.3446486595625,33.1286128571792,33.8341806350349,34.4691916351051,35.0407015351684,35.5550604452253,36.0179834642765,36.4346141814226,36.8095818268541,37.1470527077425,37.450776500542,37.7241279140615,37.9701441862291,38.19155883118,38.3908320116357,38.5701778740459,38.7315891502151,38.8768592987673,39.0076024324643,39.1252712527917,39.2311731910863,39.3264849355514,39.41226550557,39.4894680185868,39.5589502803018,39.6214843158454,39.6777649478346,39.7284175166249,39.7740048285362,39.8150334092563,39.8519591319044,39.8851922822877,39.9151021176327,39.9420209694432,39.9662479360726
0,3,7.27280813001562,11.6607393594858,15.7665738933059,19.4807345755711,22.825761137242,25.8365604205695,28.5463130072408,30.9850943455328,33.1799980339437,35.1554114119148,36.9332834591365,38.5333683024864,39.9734446616041,41.2695133848223,42.4359752357202,43.4857909015285,44.430625000756,45.2809756900607,46.046291310435,46.7350753687719,47.354981021275,47.9128961085279,48.4150196870554,48.8669309077302,49.2736510063376,49.6396990950841,49.9691423749561,50.2656413268408,50.5324903835371,50.7726545345637,50.9888022704877,51.1833352328193,51.3584148989177,51.5159865984063,51.657801127946,51.7854342045318,51.9003039734589,52.0036867654934,52.0967312783244,52.1804713398723,52.2558373952654,52.3236668451192,52.3847133499877,52.4396552043692,52.4891028733127,52.5336057753617,52.5736583872059,52.6097057378657,52.6421483534595
0,3,7.48355235569179,12.0542365590065,16.3286249794458,20.2238443327169,23.7440340871893,26.9165559910869,29.7731320700395,32.3444427593682,34.6587401379097,36.7416431338618,38.6162664451511,40.3034306122991,41.8218793195815,43.1884834434164,44.41842724112,45.5253766849493,46.5216311921705,47.4182602510039,48.2252264046549,48.9514959431511,49.6051385278609,50.1934168541187,50.7228673477564,51.1993727920321,51.6282276918807,52.0141971017446,52.3615695706221,52.6742047926119,52.9555764924027,53.2088110222145,53.4367220990451,53.6418420681926,53.8264500404253,53.9925972154348,54.1421296729434,54.2767088847011,54.397830175283,54.5068393368067,54.604947582178,54.6932450030123,54.7727126817631,54.8442335926388,54.9086024124269,54.9665343502363,55.0186730942647,55.0655979638902,55.1078303465532,55.1458394909499,55.1800477209069
0,3,5.81315810743254,8.36951221536822,10.6823493896484,12.7698941413368,14.6606840234713,16.3683008965778,17.9071277116517,19.2927300463205,20.5399918788361,21.662600882353,22.6729734738186,23.5823169812174,24.4007288670133,25.1373004753141,25.8002152269378,26.3968386049364,26.9337996790319,27.4170646570339,27.8520031410133,28.243447777856,28.5957479514353,28.9128181077973,29.19818124857,29.4550080752811,29.6861522193263,29.8941819489688,30.0814087056475,30.2499127866586,30.4015664595687,30.5380547651878,30.6608942402449,30.7714497677964,30.8709497425927,30.9604997199094,31.0410946994944,31.1136301811209,31.1789121145847,31.2376658547022,31.2905442208079,31.3381347503031,31.3809662268487,31.4195145557398,31.4542080517418,31.4854321981435,31.5135339299051,31.5388254884906,31.5615878912175,31.5820740536717,31.6005115998804
0,3,6.93224954917872,10.4886258300125,13.6856671065531,16.5637921091609,19.1539367320575,21.4851026651805,23.5831443824209,25.4713835521892,27.1707984588777,28.7002719486465,30.0767980737237,31.3156715896417,32.4306577532543,33.4341453006578,34.3372840932885,35.150109006663,35.8816514286987,36.540039608531,37.1325889703801,37.6658833960443,38.145848379142,38.57781686393,38.9665885002392,39.3164829729174,39.6313879983279,39.9148025211972,40.1698755917797,40.3994413553039,40.6060505424757,40.7919988109303,40.9593522525395,41.1099703499877,41.2455266376911,41.3675272966242,41.4773278896639,41.5761484233997,41.6650869037619,41.7451315360879,41.8171717051813,41.8820078573653,41.940360394331,41.9928776776001,42.0401432325422,42.0826822319902,42.1209673314934,42.1554239210462,42.1864348516438,42.2143446891816,42.2394635429656
0,3,7.98673195894807,11.5772161609193,14.9116363562802,17.9007984781507,20.5924001185334,23.0146860433091,25.1947612230238,27.1568268370199,28.9226861245674,30.5119594564027,31.9423054581475,33.2296168593629,34.3881971204975,35.430919355514,36.3693693670294,37.2139743773931,37.9741188867205,38.6582489451152,39.2739659976703,39.82811134497,40.3268421575397,40.7756998888524,41.1796718470339,41.5432466093972,41.8704638955242,42.1649594530385,42.4300054548013,42.6685468563879,42.8832341178158,43.0764526531009,43.2503493348575,43.4068563484385,43.5477126606613,43.6744833416619,43.7885769545624,43.8912612061729,43.9836770326223,44.0668512764268,44.1417080958508,44.2090792333324,44.2697132570659,44.324283878426,44.3733974376501,44.4175996409518,44.4573816239233,44.4931854085977,44.5254088148046,44.5544098803909,44.5805108394185
0,3,7.21105642556989,11.5025313232255,15.3689086617189,18.8486809705489,21.9804763125903,24.7990921225601,27.3358463515502,29.6189251576414,31.6736960831235,33.5229899160573,35.1873543656978,36.6852823703743,38.0334175745831,39.246739258371,40.3387287737801,41.3215193376483,42.2060308451297,43.002091201863,43.7185455229229,44.3633544118768,44.9436824119354,45.4659776119881,45.9360432920355,46.3591024040782,46.7398556049166,47.0825334856711,47.3909435783502,47.6685126617614,47.9183248368315,48.1431557943946,48.3455036562014,48.5276167318275,48.6915184998909,48.839030091148,48.9717905232795,49.0912749121977,49.1988108622242,49.295593217248,49.3826973367694,49.4610910443387,49.531645381151,49.5951442842822,49.6522932971002,49.7037274086364,49.750018109019,49.7916797393633,49.8291752066732,49.8629211272521,49.8932924557731
0,3,6.95540744006479,10.8261220244736,14.3773064256482,17.588047808439,20.4809037402001,23.0851669192743,25.429154321371,27.5387756929105,29.4374420344751,31.1462432861368,32.684164748169,34.0682941369036,35.3140106026057,36.4351554251796,37.4441857662439,38.3523130733643,39.169627649808,39.905210768615,40.567235575543,41.1630579017785,41.6992979953905,42.1819140796414,42.6162685554672,43.0071875837104,43.3590147091293,43.6756591220063,43.9606390935955,44.2171210680259,44.4479548450132,44.6557052443018,44.8426806036616,45.0109584270853,45.1624084681667,45.29871350514,45.4213880384159,45.5317951183642,45.6311614903177,45.7205912250759,45.8010779863582,45.8735160715123,45.938710348151,45.9973851971258,46.0501925612032,46.0977191888728,46.1404931537754,46.1789897221878,46.2136366337589,46.244818854173,46.2728828525456
0,3,7.29315064754337,10.7484793023972,13.849548045103,16.6403234752229,19.1520173793974,21.412541808066,23.4470137920499,25.2780385775966,26.9259608845878,28.4090909608799,29.7439080295427,30.9452433913393,32.0264452169562,32.9995268600114,33.8753003387611,34.6634964696359,35.3728729874231,36.0113118534317,36.5859068328393,37.1030423143063,37.5684642476265,37.9873439876147,38.3643357536041,38.7036283429945,39.0089916734459,39.2838186708521,39.5311629685178,39.7537728364169,39.954121717526,40.1344357105243,40.2967183042227,40.4427726385513,40.574221539447,40.6925255502531,40.7989991599787,40.8948254087316,40.9810690326093,41.0586882940992,41.1285456294402,41.191417231247,41.2480016728731,41.2989276703367,41.3447610680539,41.3860111259993,41.4231361781502,41.4565487250861,41.4866200173283,41.5136841803463,41.5380419270625
0,3,8.01674549120944,11.7014075304057,15.2534206294696,18.3558964690806,21.1858627225086,23.71773570416,26.0024606252043,28.056297127505,29.9057164428865,31.5698072043399,33.0676435534316,34.415634396169,35.6288509055836,36.7207358627272,37.7034362850679,38.5878650806581,39.3838516305566,40.100239271894,40.7449882505359,41.3252622907344,41.8475089431463,42.3175309238231,42.74055070903,43.1212685146771,43.4639145401751,43.772295962957,44.0498392435273,44.2996281960139,44.5244382532625,44.726767304782,44.9088634511513,45.0727499828829,45.2202478614416,45.3529959521444,45.4724692337769,45.5799951872462,45.6767685453685,45.7638645676786,45.8422509877577,45.9127987658289,45.976291766093,46.0334354663306,46.0848647965445,46.131151193737,46.1728089512103,46.2103009329362,46.2440437164895,46.2744122216876,46.3017438763658
0,3,7.65321759728249,12.3297032889564,16.6073321610333,20.4585012290474,23.924578073826,27.0440477016936,29.8515703756313,32.3783407823429,34.6524341483866,36.699118177826,38.5411338043214,40.1989478681673,41.6909805256286,43.0338099173438,44.2423563698874,45.3300481771767,46.3089708037371,47.1900011676414,47.9829284951553,48.6965630899178,49.338834225204,49.9168782469616,50.4371178665435,50.9053335241672,51.3267276160285,51.7059822987037,52.0473115131113,52.3545078060782,52.6309844697484,52.8798134670516,53.1037595646245,53.30531105244,53.4867073914741,53.6499640966047,53.7968951312222,53.929133062378,54.0481472004183,54.1552599246545,54.251661376467,54.3384226830984,54.4165078590666,54.4867845174379,54.5500335099721,54.606957603253,54.6581892872057,54.7042978027631,54.7457954667649,54.7831433643664,54.8167564722078
0,3,7.68350633801893,12.3010563278287,16.5384851193539,20.368732095476,23.8193141199511,26.9255195342436,29.7212426818516,32.2374215665209,34.5019882536016,36.5400994264836,38.374399716293,40.0252700246368,41.5110533117856,42.8482582721752,44.0517427369225,45.1348787552755,46.1097011718096,46.9870413466936,47.7766475040898,48.4872930457466,49.1268740332377,49.7024969219797,50.2205575218475,50.6868120617286,51.1064411476215,51.4841073249252,51.8240068844984,52.1299164881144,52.4052351313687,52.6530219102976,52.8760300113337,53.0767373022661,53.2573738641053,53.4199467697605,53.5662623848503,53.697946438431,53.8164620866537,53.9231261700541,54.0191238451145,54.1055217526688,54.1832798694677,54.2532621745868,54.3162462491939,54.3729319163403,54.423949016772,54.4698644071606,54.5111882585104,54.5483797247251,54.5818520443184
0,3,8.35026611729991,12.7028410677403,16.7009272011105,20.2851047014441,23.5133259326118,26.41829533289,29.0328428084584,31.3859224408307,33.5036963961091,35.4096925567611,37.1250891710197,38.6689461116896,40.0584173604158,41.3089414838987,42.4344131950981,43.4473377351662,44.3589698212295,45.1794386986861,45.9178606883971,46.582440479137,47.1805622908029,47.7188719213022,48.2033505887516,48.639381389456,49.03180911009,49.3849940586606,49.7028605123741,49.9889403207163,50.2464121482243,50.4781367929814,50.6866889732629,50.8743859355162,51.0433132015442,51.1953477409693,51.332178826452,51.4553268033864,51.5661599826274,51.6659098439442,51.7556847191294,51.8364821067961,51.909199755696,51.974645639706,52.033546935315,52.0865581013631,52.1342681508064,52.1772071953054,52.2158523353544,52.2506329613986,52.2819355248383
0,3,7.25588229387843,11.038244184614,14.4407407077202,17.5029322039614,20.2589026684389,22.7392760224962,24.9716120389734,26.980714453729,28.7889066270065,30.4162795829561,31.8809152433108,33.19908733763,34.3854422225174,35.4531616189159,36.4141090756746,37.2789617867575,38.057329226732,38.7578599227091,39.3883375490885,39.95576741283,40.4664542901973,40.9260724798279,41.3397288504954,41.7120195840961,42.0470812443368,42.3486367385535,42.6200366833484,42.8642966336639,43.0841305889478,43.2819811487033,43.4600466524833,43.6203056058853,43.7645386639471,43.8943484162026,44.0111771932327,44.1163230925597,44.210954401954,44.296122580409,44.3727739410184,44.4417601655668,44.5038477676604,44.5597266095447,44.6100175672405,44.6552794291668,44.6960151049004,44.7326772130607,44.7656731104049,44.7953694180147,44.8220960948636
0,3,8.07509775529616,11.7123578773504,15.3503022186962,18.4817123210968,21.3558927190231,23.9207545700307,26.237708683638,28.3196072004548,30.194632053147,31.8816388687585,33.400146944902,34.7667251125376,35.9966764472984,37.103620512167,38.0998749243935,38.9965020333122,39.8034671607194,40.5297354896869,41.1833770976662,41.771654501013,42.3011041811951,42.7776088866335,43.2064631241624,43.5924319369065,43.9398038687805,44.2524386073087,44.5338098720461,44.7870440102854,45.0149547347104,45.2200743866891,45.4046820734714,45.5708289915749,45.7203612178683,45.8549402215323,45.9760613248299,46.0850703177977,46.1831784114688,46.2714756957727,46.3509432516463,46.4224640519325,46.48683277219,46.5447646204218,46.5969032838305,46.6438280808982,46.6860603982592,46.7240694838841,46.7582776609465,46.7890650203027,46.8167736437233
0,3,6.49386288368453,10.0807134033684,13.4674440598818,16.572338000523,19.3871150555976,21.9277167583965,24.2168757576219,26.2780570657107,28.1334565359886,29.8034366006173,31.30646186582,32.6592000916992,33.8766700462449,34.9723949951363,35.9585481623656,36.8460862685222,37.6448706556987,38.3637766370036,39.0107920319514,39.5931058916245,40.117188366843,40.5888625950817,41.013369400691,41.395425525809,41.7392760384401,42.0487414998171,42.3272604150596,42.577927438779,42.8035277601269,43.0065680493401,43.1893043096321,43.3537669438949,43.5017833147314,43.6349980484843,43.7548913088618,43.8627952432017,43.9599087841075,44.0473109709228,44.1259729390565,44.1967687103769,44.2604849045652,44.3178294793347,44.3694395966272,44.4158887021905,44.4576928971974,44.4953166727037,44.5291780706593,44.5596533288194,44.5870810611635
0,3,7.15175246307626,11.1150599233107,14.7174466709878,17.9651249742313,20.8888991415488,23.5204307812745,25.8888303235994,28.0203932018044,29.9388003060286,31.6653667800802,33.2192766192599,34.617795476479,35.8764624482818,37.0092627229522,38.0287829701629,38.9463511926538,39.7721625928957,40.5153928531135,41.1843000873095,41.7863165980859,42.3281314577847,42.8157648315136,43.2546348678696,43.64961790059,44.0051026300383,44.3250388865419,44.612981517395,44.8721298851629,45.1053634161539,45.3152735940459,45.5041927541487,45.6742199982412,45.8272445179244,45.9649665856393,46.0889164465827,46.2004713214318,46.300870708796,46.3912301574237,46.4725536611887,46.5457448145772,46.6116168526268,46.6709016868715,46.7242580376917,46.7722787534299,46.8154973975943,46.8543941773422,46.8894012791153,46.9209076707112,46.9492634231474
0,3,7.59084786919411,11.3920152213718,14.870867176313,17.9917279532314,20.8022695818481,23.3314481177726,25.607762813378,27.6564365957453,29.500244651008,31.1596716120605,32.6531559274813,33.9972918025352,35.2070140916266,36.2957641515392,37.2756392055076,38.157526754071,38.9512255477794,39.6655544621168,40.3084504850205,40.8870569056337,41.4078026841857,41.8764738848825,42.2982779655096,42.677901638074,43.0195629433819,43.3270581181591,43.6038037754585,43.852874867028,44.0770388494405,44.2787864336118,44.460359259366,44.6237748025447,44.7708487914056,44.9032153813804,45.0223453123577,45.1295622502372,45.2260574943289,45.3129032140113,45.3910643617255,45.4614093946683,45.5247199243168,45.5816994010005,45.6329809300158,45.6791343061295,45.7206723446319,45.7580565792841,45.791702390471,45.8219836205393,45.8492367276007
0,3,6.23282219921239,9.37110672227071,12.3573046826244,15.1592481490433,17.7618632853903,20.1757831885465,22.4081262428187,24.4533755009335,26.3159360502719,28.0054340603196,29.5339538358086,30.9144380809582,32.1597840151671,33.2823536563468,34.2937287044083,35.2046081357884,36.0247874549904,36.7631831710404,37.4278808977137,38.0261943961774,38.5647282310433,39.0494399114275,39.4856992924429,39.8783441358703,40.2317313831835,40.5497840676561,40.8360339983099,41.0936604552453,41.3255251844816,41.5342039954497,41.7220152604456,41.8910456014253,42.0431730306482,42.1800877908678,42.3033111197275,42.4142121426862,42.5140230796535,42.6038529327752,42.6846998065368,42.7574619965186,42.8229479696751,42.8818853468288,42.9349289870603,42.982668263748,43.0256336130565,43.0643024276091,43.0991043608122,43.1304261007589,43.1586156667494
0,3,7.286825731451,10.0883607431328,13.3399620988962,15.7617497972451,18.290123798032,20.3246295322669,22.3222606584244,24.0050083446945,25.5990406977195,26.9786864436231,28.2583665167896,29.3838176151089,30.4148725074331,31.3302792382074,32.1628135124686,32.9061037716119,33.579205088401,34.1821350697752,34.7267494253765,35.2155357872034,35.6563879385848,36.0525021840288,36.4094560782766,36.7304028471817,37.0194703792859,37.2794822679507,37.513595865498,37.7242269908554,37.9138441493435,38.0844656275078,38.2380484306385,38.3762567314614,38.5006554131912,38.6126064788551,38.7133677925064,38.8040492742708,38.8856651652821,38.959117699762,39.0252262022616,39.0847230103573,39.1382707210365,39.186463257466,39.2298368188907,39.2688728316066,39.3040053761332,39.3356245742342,39.3640819160874,39.3896934798275,39.412743917552
0,3,6.80383366957152,10.4257342681079,13.7187135467395,16.687972158316,19.3612398956977,21.7673376030637,23.9328518166313,25.8818190139784,27.6358902300798,29.2145544483732,30.6353522655919,31.914070304568,33.0649165402298,34.1006781524233,35.0328636034137,35.8718305093079,36.6269007246131,37.3064639183879,37.9180707927852,38.4685169797428,38.9639185480046,39.4097799594402,39.8110552297323,40.1722029729951,40.4972359419317,40.7897656139746,41.0530423188133,41.289991353168,41.5032454840873,41.6951742019147,41.8679100479593,42.0233723093995,42.1632883446956,42.2892127764621,42.402544765052,42.5045435547829,42.5963424655407,42.6789614852227,42.7533186029366,42.820240008879,42.8804692742272,42.9346756130406,42.9834613179726,43.0273684524114,43.0668848734064,43.1024496523018,43.1344579533077,43.1632654242131,43.1891921480278
0,3,8.31885009880644,11.8590844774095,15.6388144839324,18.7580205920607,21.6998173703407,24.2833989824921,26.6391071907848,28.7447319938088,30.6467031826449,32.3551882153355,33.8943905250068,35.2789271978078,36.5253650615284,37.6469902049561,38.6565332567835,39.5650837173487,40.382797358342,41.1187309583292,41.781075329049,42.3771832962194,42.9136814028348,43.396529253119,43.8310925305404,44.222199379216,44.5741955911079,44.8909921589198,45.1761090808479,45.4327143053954,45.6636590099578,45.8715092428883,46.0585744530854,46.2269331419964,46.3784559621431,46.5148265002147,46.637559984508,46.7480201203582,46.8474342426299,46.9369069526714,47.0174323917102,47.0899052868444,47.1551308924655,47.2138339375243,47.2666666780774,47.3142161445751,47.357010664423,47.3955257322861,47.430189293363,47.4613864983321,47.4894639828044
0,3,8.08721630189102,12.1957146119073,15.855341669138,19.1459301914854,22.1072110354212,24.7723436656054,27.170961404361,29.3297172375072,31.2725974766819,33.021189691077,34.5949226839628,36.0112823775544,37.2860061017864,38.4332574535951,39.465783670223,40.3950572651881,41.2314035006567,41.9841151125784,42.6615555633079,43.2712519689645,43.8199787340554,44.3138328226373,44.7583015023609,45.1583233141122,45.5183429446884,45.8423606122069,46.1339765129736,46.3964308236636,46.6326397032847,46.8452276949436,47.0365568874366,47.2087531606803,47.3637298065997,47.5032087879271,47.6287398711218,47.741717845997,47.8433980233847,47.9349101830336,48.0172711267176,48.0913959760332,48.1581083404173,48.2181494683629,48.272186483514,48.32081979715,48.3645897794224,48.4039827634675,48.4394364491082,48.4713447661847,48.5000622515536
0,3,6.94927569909487,10.7447815115299,14.2072893397443,17.3325328053929,20.1469866450761,22.6803299677872,24.9604036002827,27.0124823479017,28.8593556295591,30.5215420480406,32.0175099144348,33.3638810115168,34.5756150022354,35.6661755945278,36.6476801277156,37.5310342076087,38.3260528795171,39.0415696842356,39.6855348084824,40.2651034203045,40.7867151709445,41.2561657465205,41.6786712645388,42.0589262307553,42.4011557003502,42.7091622229856,42.9863680933574,43.2358533766921,43.4603901316933,43.6624732111944,43.8443479827453,44.0080352771412,44.1553538420975,44.2879405505581,44.4072685881727,44.5146638220259,44.6113195324937,44.6983096719147,44.7766007973937,44.8470628103247,44.9104786219626,44.9675528524368,45.0189196598635,45.0651497865476,45.1067569005632,45.1442033031773,45.17790506553,45.2082366516474,45.235535079153
0,3,6.34892896420788,9.77242578539347,13.1119341902091,16.2805123690591,19.2350953657222,21.9591242581433,24.4517034660997,26.7208653783629,28.7794159993292,30.6423996127896,32.3255764145434,33.8445315696675,35.2141757217205,36.4484862324583,37.5603946767147,38.5617615445388,39.4634014002543,40.2751357666433,41.005859802177,41.6636143505331,42.2556583821578,42.7885389852206,43.2681573821025,43.6998302527145,44.0883461296948,44.4380169139183,44.7527247178928,45.0359643273327,45.2908816074544,45.5203081890861,45.7267927621619,45.9126292878187,46.0798824195412,46.2304104012825,46.3658856878197,46.4878135106753,46.5975485922413,46.6963101915184,46.7851956471896,46.8651925675926,46.9371898024536,47.0019873179288,47.0603050844437,47.1127910759396,47.160028469316,47.2025421240046,47.2408044136346,47.2752404745602,47.3062329295566
0,3,6.85203979583457,10.2937829173566,13.3918982732355,16.1801901891421,18.6896531727486,20.9481698523468,22.9808348641081,24.8102333746907,26.4566920342151,27.938504827787,29.2721363420017,30.472404704795,31.5526462313089,32.5248636051715,33.3998592416478,34.1873553144764,34.8961017800222,35.5339735990134,36.1080582361055,36.6247344094884,37.089742965533,37.5082506659732,37.8849075963693,38.2238988337258,38.5289909473466,38.8035738496054,39.0506984616383,39.2731106124679,39.4732815482146,39.6534353903866,39.8155738483413,39.9614984605006,40.092830611444,40.2110295472931,40.3174085895572,40.4131497275949,40.4993167518289,40.5768670736394,40.6466623632689,40.7094781239355,40.7660123085354,40.8168930746753,40.8626857642012,40.9038991847745,40.9409912632905,40.9743741339549,41.0044187175528,41.031458842791,41.0557949555053
0,3,6.54305776376277,9.82568209550847,12.7904964416037,15.4599932066182,17.8626698872707,20.0250933296141,21.9712760344398,23.7228406476869,25.2992488195297,26.7180161764063,27.9949067978423,29.1441083571622,30.1783897605531,31.1092430236053,31.9470109603523,32.7010021034246,33.3795941321897,33.9903269580782,34.5399865013779,35.0346800903477,35.4799043204205,35.8806061274859,36.2412377538449,36.5658062175679,36.8579178349187,37.1208182905343,37.3574287005884,37.5703780696371,37.762032501781,37.9345214907104,38.0897615807469,38.2294776617797,38.3552221347093,38.4683921603459,38.5702451834188,38.6619129041845,38.7444138528736,38.8186647066938,38.8854904751319,38.9456336667263,38.9997625391612,39.0484785243526,39.0923229110249,39.1317828590299,39.1672968122345,39.1992593701186,39.2280256722142,39.2539153441004,39.2772160487979
0,3,7.23734597826842,11.2291652891384,14.8424603913317,18.0968206101561,21.0260223903495,23.6623361697546,26.0350223011784,28.1704402518337,30.0923164575439,31.8220050484931,33.3787247810208,34.7797725403738,36.0407155238006,37.1755642088857,38.1969280254624,39.1161554603815,39.9434601518087,40.6880343740931,41.3581511741491,41.9612562941995,42.5040509022449,42.9925660494857,43.4322296820025,43.8279269512675,44.1840544936061,44.5045692817108,44.793032591005,45.0526495693699,45.2863048498982,45.4965946023737,45.6858553796016,45.8561900791068,46.0094913086614,46.1474624152606,46.2716364111999,46.3833930075452,46.483973944256,46.5744967872957,46.6559673460315,46.7292908488936,46.7952820014696,46.854674038788,46.9081268723745,46.9562344226023,46.9995312178074,47.038498333492,47.0735687376081,47.1051321013126,47.1335391286467
0,3,6.77036530101517,10.5912815341509,14.0403415571443,17.1447405889578,19.9387055825655,22.4532742172059,24.7163859917429,26.7531865889066,28.5863071263559,30.2361156100603,31.7209432453943,33.0572881171948,34.2599985018153,35.3424378479738,36.3166332595164,37.1934091299048,37.9825074132543,38.6926958682689,39.331865477782,39.9071181263438,40.4248455100494,40.8908001553845,41.310159336186,41.6875825989074,42.0272635353567,42.332976378161,42.6081179366849,42.8557453393564,43.0786100017608,43.2791881979247,43.4597085744722,43.622176913365,43.7683984183685,43.8999977728717,44.0184371919245,44.125032669072,44.2209685985048,44.3073109349943,44.3850190378349,44.4549563303914,44.5178998936923,44.574549100663,44.6255333869367,44.6714192445831,44.7127165164648,44.7498840611583,44.7833348513824,44.8134405625842,44.8405357026658
0,3,6.45699054860355,10.294692041939,13.9578439829972,17.314940443138,20.3536832589425,23.0935506685063,25.5608711131133,27.7818741975211,29.7808964108428,31.5800508031774,33.1992996642654,34.6566264929429,35.9682214606747,37.1486571683634,38.2110493734661,39.1672023776966,40.0277400871603,40.8022240273066,41.4992595739076,42.1265915659835,42.6911903588909,43.1993292725186,43.6566542947869,44.0682468148292,44.4386800828676,44.7720700241022,45.0721209712134,45.3421668236134,45.5852080907735,45.8039452312176,46.0008086576172,46.1779857413769,46.3374451167606,46.4809585546059,46.6101206486668,46.7263665333215,46.8309878295107,46.9251469960811,47.0098902459944,47.0861591709163,47.1548012033461,47.2165790325329,47.272179078801,47.3222191204423,47.3672551579195,47.407787591649,47.4442667820055,47.4770980533263,47.5066461975151
0,3,6.59908010869597,10.0062295297545,13.0533567520061,15.7979904215856,18.2679056536096,20.4908586801593,22.4915130342843,24.292102340317,25.9126326712279,27.3711099741648,28.6837395462198,29.8651061611368,30.9283361145545,31.8852430726312,32.7464593349002,33.5215539709423,34.2191391433801,34.8469657985742,35.4120097882489,35.9205493789561,36.3782350105926,36.7901520790654,37.160877440691,37.494530266154,37.7948178090707,38.0650765976957,38.3083095074583,38.5272191262445,38.7242377831522,38.9015545743691,39.0611396864643,39.2047662873499,39.334030228147,39.4503677748644,39.5550715669101,39.6493049797512,39.7341150513082,39.8104441157094,39.8791402736706,39.9409668158357,39.9966107037842,40.0466902029379,40.0917617521762,40.1323261464907,40.1688341013737,40.2016912607684,40.2312627042237,40.2578770033334,40.2818298725322
0,3,7.37424823114028,10.9785588123091,14.3309940585528,17.3122595016056,20.008637026041,22.4304984411004,24.6119713609444,26.5746345665519,28.341275550364,29.9311624868129,31.362093875296,32.64991991094,33.8089678438045,34.8521093248693,35.7909372689802,36.6358821934738,37.3963327085053,38.0807381414533,38.6967030423751,39.2510714490524,39.750003016592,40.1990414268139,40.6031759962213,40.9668971086115,41.2942461097908,41.5888602108418,41.8540129017915,42.0926503236449,42.3074240033134,42.5007203150149,42.6746869955463,42.8312570080245,42.9721700192549,43.0989917293623,43.213131268459,43.315856853646,43.4083098803142,43.4915176043157,43.566404555917,43.6338028123582,43.6944612431552,43.7490538308726,43.7981871598182,43.8424071558693,43.8822051523152,43.9180233491166,43.9502597262378,43.9792724656469,44.0053839311151
0,3,7.49504896213766,11.2269729372066,14.6404983189838,17.7030979207282,20.4611101411769,22.9430289167216,25.1768068701212,27.1871981080888,28.9965517807241,30.6249698138103,32.0905460911601,33.4095647324633,34.5966815110884,35.6650866115972,36.6266512020995,37.4920593335438,38.2709266518451,38.9719072383159,39.6027897661398,40.1705840411812,40.6815988887185,41.141512251502,41.5554342780073,41.9279641018619,42.2632409433312,42.5649901006535,42.8365643422435,43.0809811596746,43.3009562953625,43.4989339174817,43.677113777389,43.8374756513055,43.9818013378303,44.1116944557027,44.2285982617879,44.3338116872645,44.4285037701935,44.5137266448295,44.590427232002,44.6594577604572,44.7215852360669,44.7774999641156,44.8278232193595,44.8731141490789,44.9138759858265,44.9505616388992,44.9835787266647,45.0132941056536,45.0400379467437
0,3,8.06608502569143,12.1296553726418,15.8908053282955,19.2540562768914,22.2855478270095,25.0129333008684,27.4677807878248,29.6771014907482,31.6654989335375,33.4550547855327,35.0656554393382,36.5151959466501,37.8197824202312,38.9939102428911,40.0506252840318,41.0016688209019,41.8576080041178,42.6279532690052,43.3212640074053,43.9452436719651,44.506825370069,45.0122488983625,45.4671300738267,45.8765231317444,46.2449768838704,46.5765852607837,46.8750328000058,47.1436355853056,47.3853780920754,47.6029463481683,47.7987577786518,47.9749880660871,48.1335953247788,48.2763418576013,48.4048137371415,48.5204384287278,48.6245006511554,48.7181566513403,48.8024470515066,48.8783084116564,48.9465836357911,49.0080313375124,49.0633342690616,49.1131069074558,49.1579022820106,49.19821811911,49.2345023724994,49.2671582005498,49.2965484457952
0,3,7.16108525726789,10.8987870344439,14.262339343423,17.2895166466355,20.0139751885347,22.4659878224918,24.6727991902506,26.6589294210875,28.4464466288331,30.0552121158037,31.5031010540772,32.8062010985234,33.978991138525,35.0345021745264,35.9844621069277,36.8394260460888,37.6088935913338,38.3014143820544,38.9246830937028,39.4856249341864,39.9904725906217,40.4448354814134,40.853762083126,41.2217960246673,41.5530265720545,41.8511340647029,42.1194308080865,42.3608978771318,42.5782182392725,42.7738065651992,42.9498360585332,43.1082626025337,43.2508464921343,43.3791719927748,43.4946649433512,43.59860859887,43.6921578888369,43.7763522498071,43.8521271746803,43.9203246070662,43.9817022962134,44.036942216446,44.0866581446553,44.1314024800437,44.1716723818932,44.2079152935578,44.2405339140559,44.2698906725042,44.2963117551077
0,3,6.4694282608262,10.3018284684256,13.6751457880425,16.7192339546669,19.4580476756205,21.9230725028838,24.1415849676047,26.1382472413514,27.9352431749606,29.5525395272558,31.0081062430345,32.3181162873728,33.4971253272625,34.5582334631649,35.5132307854769,36.3727283755576,37.1462762066304,37.8424692545958,38.4690429977647,39.0329593666167,39.5404840985835,39.9972563573536,40.4083513902467,40.7783369198505,41.1113238964939,41.411012175473,41.6807316265542,41.9234791325272,42.141951887903,42.3385773677411,42.5155402995955,42.6748069382644,42.8181469130664,42.9471528903883,43.0632582699779,43.1677531116086,43.2617984690762,43.346439290797,43.4226160303458,43.4911750959397,43.5528782549742,43.6084110981052,43.6583906569232,43.7033722598593,43.7438557025019,43.7802908008801,43.8130823894206,43.842594819107,43.8691560058248
0,3,7.96988024299498,11.5101347748542,15.0795616268865,18.1345993002059,20.9488240787452,23.4550464988741,25.7215676929314,27.7569495920693,29.5906369708017,31.2401980934302,32.7251143493131,34.0614110965178,35.2641307130028,36.346556778808,37.3207491084321,38.1975185604659,38.9866125647839,39.6967965533894,40.335962395938,40.911211550361,41.4289358320196,41.894887667977,42.3142443275436,42.6916653181932,43.0313442109941,43.3370552140152,43.6121951169395,43.859821029487,44.0826843508144,44.2832613399949,44.4637806302631,44.6262479915021,44.7724686166182,44.9040671792223,45.0225058855662,45.1291007212756,45.2250360734141,45.3113778903387,45.3890855255709,45.4590223972798,45.5219655818179,45.5786144479021,45.6295984273779,45.6754840089062,45.7167810322816,45.7539483533195,45.7873989422535,45.8175044722942,45.8445994493308
0,3,7.87022593917791,12.0131324034731,15.768354940003,19.1451092109499,22.1845142500914,24.9199426675537,27.3818322423862,29.5975324169358,31.5916626230592,33.3863798031416,35.0016252658168,36.4553461821579,37.7636950068723,38.9412089491145,40.0009714971325,40.9547577903487,41.8131654542433,42.5857323517484,43.281042559503,43.9068217464822,44.4700230147634,44.9769041562166,45.4330971835244,45.8436709081014,46.2131872602207,46.5457519771281,46.8450602223447,47.1144376430397,47.3568773216652,47.5750730324281,47.7714491721148,47.9481876978328,48.1072523709789,48.2504105768105,48.3792529620589,48.4952111087825,48.5995734408337,48.6934995396798,48.7780330286413,48.8541131687066,48.9225852947654,48.9842102082183,49.0396726303259,49.0895888102228,49.13451337213,49.1749454778464,49.2113343729913,49.2440843786216,49.2735593836889
0,3,7.56231412799097,11.0038943968189,14.1664772448493,16.9801977867902,19.5288601529355,21.8144934050696,23.8756477419489,25.7286429534493,27.3973612335421,28.8986960185351,30.2501533448192,31.4663368353894,32.5609660750744,33.5461003183734,34.4327371852255,35.2307023356096,35.9488749887695,36.5952283662438,37.1769474118872,37.7004940496419,38.1716862754665,38.5957591526943,38.9774248052523,39.3209238610051,39.6300730269688,39.9083072684373,40.1587180897112,40.3840878268802,40.5869205913218,40.7694700788241,40.9337646178239,41.0816297027998,41.2147082793401,41.3344789981953,41.4422726451806,41.5392869274595,41.6265997815145,41.705181350162,41.7759047619457,41.8395558325506,41.8968417960952,41.9483991632852,41.9948007937563,42.0365622611803,42.0741475818619,42.1079743704753,42.1384184802273,42.1658181790042,42.1904779079034
0,3,7.44531446588226,10.8286176690843,13.9205283378941,16.699679959639,19.2011876395566,21.4525239346423,23.4787281674105,25.3023118577717,26.9435371881525,28.4206399848068,29.750032501848,30.9464857671811,32.0232937059812,32.9924208509013,33.8646352813294,34.6496282687147,35.3561219573614,35.9919662771435,36.5642261649473,37.0792600639708,37.5427905730919,37.9599680313009,38.335427743689,38.6733414848383,38.9774638518727,39.2511739822036,39.4975130995015,39.7192183050695,39.9187529900808,40.0983342065909,40.25995730145,40.4054180868232,40.5363327936591,40.6541560298114,40.7601969423484,40.8556337636318,40.9415269027868,41.0188307280263,41.0884041707419,41.1510202691859,41.2073747577855,41.2580937975252,41.3037409332909,41.34482335548,41.3817975354502,41.4150742974234,41.4450233831992,41.4719775603975,41.496236319876
0,3,6.55826650368981,10.1717389517519,13.6207118628157,16.8190598605967,19.7427210632144,22.3956379861109,24.7936181369929,26.9567593498691,28.9059613941233,30.6613806230407,32.241802636318,33.6644433141339,34.9449448554959,36.0974560736107,37.1347448235378,38.0683184209852,38.9085412305396,39.6647449064655,40.3453297220857,40.9578567779991,41.5091314740249,42.0052788660092,42.451811598084,42.8536910949236,43.2153826602645,43.5409050777805,43.8338752577157,44.0975484216549,44.3348542701568,44.5484295342666,44.7406472721849,44.9136432364164,45.0693396042751,45.209466335372,45.3355803933707,45.4490830455752,45.5512354325618,45.643172580851,45.7259160143119,45.800385104427,45.8674072855308,45.9277272485242,45.9820152152183,46.030874385243,46.0748476382653,46.1144235659853,46.1500419009333,46.1820984023866,46.2109492536945
0,3,6.78448014782431,10.3009849081345,13.4524747069142,16.2904323016371,18.8443985465632,21.1429918286414,23.2117229200316,25.0735812485729,26.7492537023674,28.2573589158504,29.614653607372,30.8362188298156,31.9356275300059,32.9250953601783,33.8156164073333,34.6170853497728,35.3384073979683,35.9875972413443,36.5718681003827,37.0977118735172,37.5709712693383,37.9969047255773,38.3802448361924,38.725250935746,39.0357564253442,39.3152113659826,39.5667208125572,39.7930793144743,39.9968019661997,40.1801523527525,40.3451677006501,40.4936815137579,40.6273439455549,40.7476401341723,40.8559067039279,40.9533466167079,41.0410425382099,41.1199688675618,41.1910025639784,41.2549328907534,41.3124701848509,41.3642537495386,41.4108589577576,41.4528036451546,41.490553863812,41.5245290606036,41.5551067377161,41.5826266471173,41.6073945655784
0,3,7.26313741388731,11.5577796105149,15.5570454796725,19.1956570103819,22.4819096159582,25.4429057838148,28.1087890104563,30.5083728962912,32.6680830318132,34.6118469430101,36.3612417234645,37.9356991523246,39.3527114611029,40.628022721413,41.775802909117,42.808805093698,43.7385070644038,44.5752388393812,45.328297437254,46.0060501754546,46.6160276398689,47.1650073578517,47.659089104039,48.1037626756085,48.5039688900213,48.8641544829929,49.1883215166673,49.4800718469743,49.7426471442506,49.9789649117993,50.1916509025931,50.3830682943075,50.5553439468505,50.7103920341392,50.849935312699,50.9755242634029,51.0885543190363,51.1902813691064,51.2818357141695,51.3642346247263,51.4383936442274,51.5051367617784,51.5652055675743,51.6192674927906,51.6679232254853,51.7117133849105,51.7511245283932,51.7865945575276,51.8185175837486
0,3,6.59045420239369,10.7398020873901,14.4451508378985,17.78088496635,20.7830165443466,23.4849358871163,25.9166632663979,28.1052179086763,30.0749170866975,31.8476463469175,33.4431026811156,34.8790133818938,36.1713330125942,37.3344206802245,38.3811995810918,39.3233005918724,40.1711915015749,40.9342933203072,41.6210849571663,42.2391974303394,42.7954986561952,43.2961697594655,43.7467737524087,44.1523173460576,44.5173065803416,44.8457968911972,45.1414381709672,45.4075153227603,45.646984759374,45.8625072523264,46.0564774959835,46.2310507152749,46.3881666126372,46.5295709202633,46.6568347971267,46.7713722863038,46.8744560265632,46.9672313927966,47.0507292224067,47.1258772690558,47.19351051104,47.2543804288258,47.309163354833,47.3584679882394,47.4028421583052,47.4427789113645,47.4787219891178,47.5110707590958,47.540184652076
0,3,7.1371078878874,10.8964848456409,14.2808249100151,17.3267535207074,20.0680898349679,22.5352925319389,24.7557749595666,26.7542091444405,28.5527999108271,30.1715316005752,31.6283901213484,32.9395627900443,34.1196181918706,35.1816680535143,36.1375129289936,36.9977733169249,37.7720076660632,38.4688185802876,39.0959484030896,39.6603652436113,40.1683404000809,40.6255180409036,41.036977917644,41.4072918067103,41.74057430687,42.0405285570137,42.3104873821431,42.5534503247595,42.7721169731143,42.9689169566336,43.146036941801,43.3054449284516,43.4489121164372,43.5780325856242,43.6942410078925,43.798828587934,43.8929574099713,43.9776733498049,44.0539176956552,44.1225376069204,44.1842955270591,44.2398776551839,44.2899015704962,44.3349230942774,44.3754424656803,44.411909899943,44.4447305907795,44.4742692125323,44.5008539721098
0,3,6.51966494971421,9.9573222871074,13.3138771499588,16.5287285258194,19.4511251499808,22.0856273275928,24.4573296715275,26.5919591293869,28.5131402123813,30.2422053680254,31.7983643345456,33.1989074532749,34.4593962674446,35.5938362012921,36.6148321419186,37.533728488507,38.3607352004403,39.1050412411807,39.7749166778472,40.3778045708471,40.920403674547,41.4087428678769,41.8482481418738,42.243802888471,42.5998021604085,42.9202015051522,43.2085609154216,43.4680843846641,43.7016555069822,43.9118695170686,44.1010621261463,44.2713354743163,44.4245814876693,44.5625028996869,44.6866321705028,44.7983485142372,44.898893223598,44.9893834620228,45.0708246766051,45.1441217697292,45.2100891535409,45.2694597989714,45.3228933798589,45.3709836026576,45.4142648031764,45.4532178836434,45.4882756560636,45.5198276512419,45.5482244469023
0,3,6.10376034751534,10.3190999488113,14.0060994698545,17.3324214761989,20.3255086993803,23.0193324615134,25.4437704477618,27.625764890742,29.5895598702438,31.3569753532361,32.947649287821,34.3792558289555,35.667701715976,36.8273030142944,37.870944182781,38.810221234419,39.6555705808931,40.4163849927198,41.1011179633639,41.7173776369436,42.2720113431652,42.7711816787648,43.2204349808043,43.6247629526399,43.988658127292,44.3161637844788,44.610918875947,44.8761984582683,45.1149500823575,45.3298265440378,45.5232153595501,45.6972652935111,45.8539102340761,45.9948906805845,46.1217730824421,46.2359672441139,46.3387419896186,46.4312392605728,46.5144868044315,46.5894095939044,46.65684010443,46.7175275639031,46.7721462774288,46.821303119602,46.8655442775578,46.9053613197181,46.9411966576623,46.9734484618121,47.002475085547
0,3,8.0396164733218,11.3014750338436,14.7368112161296,17.5353873914418,20.1973917400514,22.4898943476247,24.6274062350917,26.497230308488,28.2192475407526,29.7406088226585,31.1305010175952,32.3663929863832,33.4895986407314,34.492564684093,35.4009859307529,36.2143873660739,36.949483019762,37.6088651725409,38.2039098854363,38.7382874424643,39.2200717316748,39.6530642185679,40.0432029657363,40.3940042535024,40.7099604404194,40.9941503017812,41.2500451658177,41.4802604871699,41.687519686593,41.8740054569491,42.0418771573758,42.1929366243559,42.3289083488367,42.451269678689,42.5614044791677,42.660518824247,42.7497268011966,42.8300103006097,42.9022681228456,42.9672982215601,43.025826720418,43.0785013452599,43.1259092514699,43.1685758267797,43.2069761369773,43.2415361311312,43.2726403328899,43.3006339641087,43.3258283414189
