"V1","V2","V3","V4","V5","V6","V7","V8","V9","V10","V11","V12","V13","V14","V15","V16","V17","V18","V19","V20","V21","V22","V23","V24","V25","V26","V27","V28","V29","V30","V31","V32","V33","V34","V35","V36","V37","V38","V39","V40","V41","V42","V43","V44","V45","V46","V47","V48","V49","V50"
0,-5,-9.5,2.65,13.585,23.4265,32.28385,40.255465,47.4299185,53.88692665,51.949824205,57.1800008065,61.88715974785,66.123602795065,69.9364015375585,73.3679204058026,76.4562873872224,79.2358176705002,81.7373949254501,80.9869217489651,83.0131993254746,84.8368491443332,86.4781339813059,85.9857485302141,85.5426016242314,86.7390982703845,86.3801492765386,86.0570951820772,86.9293412371229,87.7143626866639,88.4208819912508,88.2089261998748,88.7812068365902,89.296259409634,89.7598067253735,90.1769993095391,90.5524726352881,90.8903986284621,90.7890208305099,91.0627408849809,91.3090889340048,91.2351845192977,91.1686705460612,91.3482582737996,91.5098872287642,91.4613985422748,91.5923179957962,91.7101455039654,91.8161902613176,91.7843768341119
0,-5,8.5,20.65,31.585,41.4265,50.28385,58.255465,55.8639805,62.32098865,68.132295985,73.3624725865,71.79341960605,76.029862653265,74.7589297391005,78.1904486073447,77.1609929468714,76.2344828524455,75.4006237674622,74.6501505909772,73.9747247321407,73.3668414591878,72.8197465135303,74.2969028668057,75.6263435847536,76.8228402309066,76.4638912370607,76.1408371425994,77.013083197645,77.798104647186,78.504623951773,79.1404913259012,79.7127719626166,80.2278245356605,80.6913718514,81.1085644355655,81.4840377613145,81.8219637544886,82.1260971483453,82.3998172028163,82.6461652518402,82.572260837133,82.7718027568424,82.9513904845808,83.1130194395454,83.2584854990135,83.3894049525348,83.507232460704,83.4718842082533,83.4400707810476
0,-5,8.5,20.65,17.005,26.8465,23.89405,21.236845,18.8453605,16.69302445,14.755922005,19.9860986065,24.69325754785,28.929700595065,32.7424993375585,31.5986597148104,34.6870266962302,33.7605166018043,32.9266575168209,32.1761843403359,34.2024619168454,36.026111735704,37.6673965726767,37.1750111215848,38.5044518395327,39.7009484856858,40.7777954672236,40.4547413727622,41.3269874278079,41.0653136112942,41.7718329158811,41.559877124505,41.3691169122666,41.8841694853104,42.3477168010499,42.7649093852155,43.1403827109644,43.4783087041385,43.7824420979952,44.0561621524662,43.9740461361249,44.1957593802464,44.12924540701,44.3088331347484,44.470462089713,44.4219734032236,44.5528928567449,44.6707203649141,44.6353721124634,44.7308123940804
0,-5,-9.5,2.65,13.585,23.4265,32.28385,40.255465,47.4299185,53.88692665,51.949824205,57.1800008065,61.88715974785,66.123602795065,69.9364015375585,73.3679204058026,76.4562873872224,79.2358176705002,81.7373949254501,80.9869217489651,83.0131993254746,82.4053160525218,84.0466008894945,85.5237572427699,86.8531979607178,86.4543657453334,86.0954167514875,87.0645790348715,87.9368250899171,87.6751512734034,88.3816705779903,89.0175379521186,88.8267777398801,88.6550935488655,89.118640864605,89.5358334487705,89.4106756735209,89.7486016666949,90.0527350605516,90.3264551150226,90.5728031640465,90.7945164081681,90.7280024349316,90.90759016267,91.0692191176346,91.0207304311452,90.9770906133048,90.9378147772484,91.0438595346007,91.1392998162177
0,-5,-9.5,2.65,13.585,23.4265,32.28385,40.255465,47.4299185,53.88692665,59.698233985,57.9548417845,56.38578880405,60.622231851265,64.4350305937585,67.8665494620027,70.9549164434224,73.7344467267002,76.2360239816501,78.4874435111051,80.5137210876146,79.9058378146618,81.5471226516345,83.0242790049099,84.3537197228578,85.5502163690109,86.6270633505486,86.3040092560873,86.0132605710721,86.7982820206131,87.5048013252001,88.1406686993283,88.7129493360437,89.2280019090876,89.6915492248271,89.5524850301053,89.4273272548556,89.7652532480297,90.0693866418864,90.3431066963574,90.5894547453813,90.5155503306741,90.7150922503835,90.8946799781219,91.0563089330865,91.2017749925546,91.3326944460759,91.4505219542451,91.5565667115974,91.6520069932144
0,-5,8.5,4.45,15.385,12.1045,20.96185,28.933465,36.1079185,42.56492665,48.376233985,53.6064105865,58.31356952785,62.550012575065,66.3628113175585,69.7943301858027,68.7648745253294,67.8383644309035,70.3399416858535,72.5913612153085,74.617638791818,76.4412886106765,78.0825734476492,79.5597298009246,80.8891705188725,82.0856671650256,83.1625141465634,82.839460052102,82.5487113670868,83.3337328166279,84.0402521212148,84.676119495343,85.2484001320585,85.0767159410438,85.5402632567833,85.9574558409489,85.8322980656992,85.7196560679745,85.6182782700223,85.5270382518653,85.444922235524,85.6666354796455,85.8661773993549,86.0457651270933,86.2073940820579,86.1589053955685,86.2898248490898,86.407652357259,86.5136971146113,86.6091373962283
0,-5,8.5,4.45,15.385,25.2265,34.08385,42.055465,49.2299185,55.68692665,61.498233985,66.7284105865,71.43556952785,75.672012575065,74.4010796609005,73.2572400381525,76.3456070195722,79.12513730285,81.6267145578,83.8781340872549,83.2027082284185,82.5948249554656,82.047730009808,83.5248863630835,84.8543270810313,86.0508237271844,87.1276707087222,86.8046166142609,86.5138679292457,87.2988893787867,88.0054086833737,88.6412760575019,89.2135566942173,89.7286092672612,90.1921565830007,90.6093491671662,90.9848224929152,91.3227484860893,91.626881879946,91.900601934417,91.8184859180757,92.0401991621972,91.9736851889607,92.1532729166992,92.0993965983776,92.0509079118883,92.1818273654096,92.2996548735788,92.405699630931,92.5011399125481
0,-5,8.5,4.45,0.804999999999999,-2.4755,6.38185,14.353465,21.5279185,27.98492665,33.796233985,39.0264105865,43.73356952785,47.970012575065,51.7828113175585,55.2143301858027,58.3026971672224,57.3761870727965,56.5423279878132,55.7918548113282,57.8181323878377,59.6417822066962,59.0946872610386,58.6023018099468,58.1591549039642,57.7603226885798,57.4013736947339,57.0783196002726,57.9505656553182,58.7355871048592,59.4421064094462,59.2301506180701,59.8024312547855,60.3174838278294,60.7810311435689,61.1982237277344,61.0730659524847,61.4109919456588,61.7151253395155,61.9888453939865,61.9067293776452,61.832824962938,61.7663109897016,61.94589871744,61.8920223991185,62.0374884585866,62.1684079121079,62.2862354202771,62.3922801776294,62.4877204592464
0,-5,8.5,20.65,17.005,13.7245,10.77205,8.114845,5.7233605,3.57102445,1.633922005,-0.109470195500003,4.59768874585,8.834131793065,12.6469305355585,16.0784494038027,19.1668163852224,21.9463466685001,24.4479239234501,26.6993434529051,28.7256210294146,28.1177377564618,29.7590225934345,31.2361789467099,32.5656196646577,33.7621163108108,33.4031673169649,33.0801132225036,32.7893645374884,33.5743859870294,34.2809052916163,34.0689495002403,33.8781892880018,34.3932418610457,34.2387260891325,34.655918673298,34.5307608980484,34.4181189003237,34.7222522941804,34.9959723486514,34.9138563323101,34.8399519176029,34.7734379443665,34.7135753684536,34.8752043234182,35.0206703828864,35.1515898364077,35.2694173445769,35.3754621019291,35.4709023835462
0,-5,8.5,20.65,31.585,41.4265,50.28385,47.626645,45.2351605,43.08282445,48.894131785,54.1243083865,58.83146732785,63.067910375065,66.8807091175585,70.3122279858027,69.2827723253294,72.0623026086072,74.5638798635572,76.8152993930122,78.8415769695217,80.6652267883802,82.3065116253529,81.8141261742611,83.143566892209,84.340063538362,85.4169105198998,86.3860728032838,87.2583188583294,86.9966450418158,87.7031643464027,87.4912085550266,88.063489191742,88.5785417647859,89.0420890805254,89.4592816646909,89.3341238894413,89.6720498826154,89.976183276472,90.249903330943,90.4962513799669,90.7179646240885,90.9175065437978,91.0970942715363,91.2587232265008,91.404189285969,91.3605494681285,91.3212736320721,91.2859253796214,91.3813656612384
0,-5,8.5,20.65,17.005,26.8465,35.70385,43.675465,50.8499185,48.69758245,54.508889785,59.7390663865,58.17001340605,62.406456453265,66.2192551957585,65.0754155730104,68.1637825544302,67.2372724600043,69.7388497149543,71.9902692444092,74.0165468209187,75.8401966397773,77.48148147675,76.9890960256582,78.318536743606,79.5150333897591,79.1560843959132,80.1252466792972,80.9974927343428,80.7358189178291,80.5003124829668,80.2883566915907,80.0975964793523,79.9259122883376,79.7713965164245,79.6323323217026,80.0078056474516,80.3457316406257,80.6498650344824,80.9235850889534,81.1699331379773,81.3916463820988,81.5911883018082,81.7707760295466,81.7168997112251,81.8623657706932,81.8187259528528,81.936553461022,82.0425982183742,82.0107847911685
0,-5,8.5,20.65,31.585,41.4265,50.28385,47.626645,45.2351605,51.69216865,49.755066205,48.0116740045,52.71883294585,56.955275993065,60.7680747355585,64.1995936038027,67.2879605852224,70.0674908685002,72.5690681234502,74.8204876529052,76.8467652294146,76.2388819564618,77.8801667934345,77.3877813423427,76.94463443636,76.5458022209757,76.1868532271298,77.1560155105138,78.0282615655594,78.8132830151004,79.5198023196874,80.1556696938156,80.727950330531,81.2430029035749,81.7065502193144,82.1237428034799,82.4992161292289,82.3865741315042,82.285196333552,82.558916388023,82.8052644370469,83.0269776811684,83.2265196008778,83.4061073286162,83.5677362835808,83.7132023430489,83.8441217965702,83.8048459605139,83.9108907178661,84.0063309994832
0,-5,8.5,4.45,15.385,25.2265,34.08385,42.055465,49.2299185,55.68692665,61.498233985,59.7548417845,64.46200072585,68.698443773065,72.5112425155585,75.9427613838027,74.9133057233294,73.9867956289035,76.4883728838535,78.7397924133085,80.766069989818,82.5897198086765,84.2310046456492,85.7081609989246,85.265014092942,86.4615107390951,86.1025617452491,85.7795076507878,86.6517537058334,87.4367751553745,88.1432944599614,88.7791618340896,89.3514424708051,89.1797582797904,89.6433055955299,89.5042414008081,89.8797147265571,90.2176407197312,90.5217741135878,90.7954941680588,91.0418422170827,90.9679378023756,90.9014238291391,91.0810115568776,91.027135238556,91.1726012980242,91.3035207515455,91.4213482597147,91.5273930170669,91.622833298684
0,-5,-9.5,2.65,13.585,23.4265,32.28385,40.255465,37.8639805,35.71164445,33.774542005,32.0311498045,30.46209682405,29.049949141645,27.7790162274805,26.6351766047325,25.6057209442592,24.6792108498333,27.1807881047833,29.4322076342383,28.7567817754018,28.1488985024489,27.6018035567914,27.1094181056995,26.6662711997169,26.2674389843326,25.9084899904866,26.8776522738706,27.7498983289162,28.5349197784573,29.2414390830442,29.0294832916681,29.6017639283835,30.1168165014274,30.5803638171669,30.9975564013325,30.8723986260828,30.7597566283581,30.6583788304059,30.5671388122489,30.8134868612728,31.0352001053943,31.2347420251037,31.4143297528421,31.3604534345206,31.5059194939887,31.4622796761483,31.4230038400919,31.3876555876411,31.4830958692581
0,-5,8.5,20.65,17.005,13.7245,22.58185,30.553465,37.7279185,44.18492665,49.996233985,55.2264105865,59.93356952785,64.170012575065,67.9828113175585,71.4143301858027,74.5026971672224,77.2822274505002,79.7838047054502,82.0352242349051,81.3597983760687,83.1834481949272,84.8247330318999,84.3323475808081,85.661788298756,85.2629560833716,84.9040070895257,84.5809529950643,84.2902043100491,84.0285304935354,83.7930240586731,84.4288914328014,84.2381312205629,84.7531837936068,84.5986680216936,85.0158606058591,85.3913339316081,85.7292599247822,85.62788212683,85.536642108673,85.4545260923317,85.6762393364532,85.6097253632167,85.5498627873039,85.7114917422685,85.8569578017366,85.9878772552579,86.1057047634271,86.2117495207794,86.3071898023964
0,-5,8.5,20.65,31.585,41.4265,50.28385,58.255465,55.8639805,62.32098865,68.132295985,73.3624725865,71.79341960605,76.029862653265,79.8426613957585,83.2741802640027,86.3625472454224,89.1420775287002,88.3082184437168,87.5577452672318,89.5840228437413,91.4076726625999,93.0489574995726,94.526113852848,95.8555545707958,97.0520512169489,98.1288981984867,99.0980604818707,98.8073117968555,99.5923332463966,100.298852550984,100.934719925112,101.507000561827,101.335316370813,101.798863686552,102.216056270718,102.591529596467,102.478887598742,102.783020992599,103.05674104707,103.303089096093,103.229184681386,103.428726601096,103.368864025183,103.314987706861,103.460453766329,103.591373219851,103.552097383794,103.516749131344,103.484935704138
0,-5,8.5,20.65,31.585,41.4265,38.47405,46.445665,53.6201185,60.07712665,58.140024205,63.3702008065,61.80114782605,66.037590873265,64.7666579591005,68.1981768273447,71.2865438087644,70.3600337143385,72.8616109692885,72.1111377928035,74.1374153693129,75.9610651881715,75.4139702425139,74.9215847914221,76.25102550937,77.4475221555231,78.5243691370609,79.4935314204449,80.3657774754905,80.1041036589768,79.8685972241145,80.5044645982427,80.3137043860043,80.8287569590481,81.2923042747876,81.7094968589532,82.0849701847021,81.9723281869774,81.8709503890252,82.1446704434962,82.3910184925201,82.6127317366417,82.812273656351,82.7524110804382,82.9140400354028,83.0595060948709,83.1904255483922,83.3082530565614,83.4142978139137,83.5097380955307
0,-5,-9.5,2.65,13.585,23.4265,32.28385,40.255465,47.4299185,45.27758245,43.340480005,48.5706566065,53.27781554785,57.514258595065,61.3270573375585,64.7585762058027,67.8469431872224,66.9204330927965,69.4220103477465,71.6734298772015,73.6997074537109,75.5233572725695,77.1646421095422,76.6722566584504,76.2291097524677,77.4256063986208,78.5024533801586,79.4716156635426,80.3438617185882,81.1288831681293,80.893376733267,80.6814209418909,81.2537015786063,81.7687541516502,82.2323014673897,82.6494940515552,83.0249673773042,83.3628933704783,83.6670267643349,83.9407468188059,83.8586308024646,84.0803440465862,84.2798859662955,84.459473694034,84.6211026489985,84.7665687084667,84.897488161988,85.0153156701572,85.1213604275094,85.2168007091265
0,-5,8.5,20.65,31.585,41.4265,38.47405,46.445665,44.0541805,50.51118865,56.322495985,61.5526725865,66.25983152785,70.496274575065,69.2253416609005,68.0815020381525,71.1698690195722,73.94939930285,76.4509765578,78.702396087255,80.7286736637644,82.552323482623,84.1936083195957,85.6707646728711,87.000205390819,86.6013731754346,86.2424241815887,87.2115864649727,88.0838325200183,88.8688539695593,89.5753732741463,90.2112406482745,90.020480436036,89.8487962450214,89.6942804731083,89.5552162783864,89.4300585031367,89.7679844963108,89.6666066983586,89.9403267528296,90.1866748018535,90.408388045975,90.6079299656844,90.7875176934228,90.9491466483874,91.0946127078556,91.0509728900151,91.0116970539587,91.117741811311,91.213182092928
0,-5,8.5,20.65,17.005,13.7245,10.77205,8.114845,5.7233605,12.18036865,17.991675985,23.2218525865,21.65279960605,20.240651923645,18.9697190094805,22.4012378777247,25.4896048591444,28.2691351424222,27.4352760574388,29.6866955868938,31.7129731634033,33.5366229822618,32.9895280366043,32.4971425855125,32.0539956795298,33.2504923256829,34.3273393072207,35.2965015906047,36.1687476456503,36.9537690951914,37.6602883997783,38.2961557739065,38.868436410622,38.6967522196073,39.1602995353468,39.5774921195124,39.9529654452613,40.2908914384354,40.5950248322921,40.8687448867631,41.115092935787,41.0411885210799,40.9746745478434,41.1542622755818,41.3158912305464,41.267402544057,41.3983219975784,41.5161495057475,41.6221942630998,41.7176345447169
0,-5,-9.5,-13.55,-2.615,7.2265,16.08385,24.055465,31.2299185,37.68692665,43.498233985,48.7284105865,53.43556952785,57.672012575065,61.4848113175585,64.9163301858027,68.0046971672224,67.0781870727965,69.5797643277465,71.8311838572015,73.857461433711,75.6811112525695,75.1340163069119,74.6416308558201,75.971071573768,77.1675682199211,78.2444152014589,79.2135774848429,78.9228287998277,78.661154983314,79.3676742879009,80.0035416620292,80.5758222987446,81.0908748717885,80.9363590998753,81.3535516840408,81.2283939087912,81.5663199019653,81.8704532958219,82.1441733502929,82.3905213993169,82.6122346434384,82.8117765631477,82.9913642908862,83.1529932458508,83.2984593053189,83.2548194874784,83.2155436514221,83.1801953989713,83.1483819717656
0,-5,-9.5,2.65,13.585,23.4265,32.28385,40.255465,47.4299185,53.88692665,59.698233985,57.9548417845,62.66200072585,66.898443773065,70.7112425155585,74.1427613838027,77.2311283652224,80.0106586485002,79.1767995635168,78.4263263870318,77.7509005281953,77.1430172552425,78.7843020922152,80.2614584454906,81.5908991634385,82.7873958095916,83.8642427911294,83.541188696668,84.4134347517136,85.1984562012547,85.9049755058416,86.5408428799698,87.1131235166853,87.6281760897291,88.0917234054686,88.5089159896342,88.8843893153831,89.2223153085572,89.5264487024139,89.4352086842569,89.6815567332808,89.9032699774023,90.1028118971117,90.2823996248501,90.4440285798147,90.5894946392828,90.7204140928041,90.6811382567478,90.645790004297,90.6139765770913
0,-5,8.5,4.45,15.385,25.2265,34.08385,42.055465,49.2299185,55.68692665,61.498233985,66.7284105865,71.43556952785,75.672012575065,74.4010796609005,73.2572400381525,76.3456070195722,75.4190969251463,74.5852378401629,76.8366573696179,76.1612315107814,75.5533482378286,75.006253292171,74.5138678410792,75.8433085590271,77.0398052051802,78.116652186718,79.085814470102,79.9580605251476,80.7430819746886,81.4496012792756,81.2376454878995,81.046885275661,80.8752010846464,81.3387484003859,81.7559409845514,81.6307832093018,81.9687092024758,81.8673314045236,82.1410514589946,82.3873995080185,82.6091127521401,82.5425987789036,82.4827362029908,82.6443651579554,82.7898312174235,82.7461913995831,82.8640189077523,82.8286706553015,82.9241109369185
0,-5,8.5,20.65,31.585,41.4265,38.47405,46.445665,53.6201185,51.46778245,57.279089785,62.5092663865,60.94021340605,65.176656453265,68.9894551957585,72.4209740640026,75.5093410454224,78.2888713287002,80.7904485836501,80.0399754071651,79.3645495483287,81.1881993671872,82.8294842041599,84.3066405574353,83.8634936514527,85.0599902976058,84.7010413037598,84.3779872092985,84.0872385242833,84.8722599738243,85.5787792784113,86.2146466525395,86.7869272892549,87.3019798622988,87.7655271780383,87.6264629833165,87.5013052080668,87.8392312012409,87.7378534032887,87.6466133851316,87.8929614341556,88.1146746782771,88.3142165979864,88.4938043257249,88.4399280074033,88.5853940668715,88.7163135203928,88.834141028562,88.9401857859142,89.0356260675313
0,-5,8.5,20.65,31.585,41.4265,50.28385,58.255465,65.4299185,63.27758245,69.088889785,74.3190663865,72.75001340605,76.986456453265,75.7155235391005,74.5716839163525,77.6600508977722,76.7335408033463,79.2351180582963,81.4865375877513,80.8111117289148,80.2032284559619,81.8445132929346,81.3521278418428,82.6815685597907,83.8780652059438,83.5191162120978,83.1960621176365,84.0683081726821,84.8533296222232,84.6178231873608,84.4058673959848,84.2151071837463,84.7301597567902,85.1937070725296,85.6108996566952,85.9863729824442,85.8737309847195,85.7723531867672,85.6811131686102,85.5989971522689,85.5250927375618,85.7246346572711,85.6647720813583,85.8264010363229,85.971867095791,86.1027865493123,86.2206140574815,86.3266588148338,86.2948453876281
0,-5,-9.5,2.65,13.585,23.4265,32.28385,40.255465,47.4299185,53.88692665,59.698233985,57.9548417845,62.66200072585,61.249853043445,65.0626517859385,68.4941706541827,71.5825376356024,74.3620679188802,76.8636451738302,76.1131719973452,78.1394495738546,79.9630993927132,81.6043842296859,83.0815405829613,84.4109813009092,85.6074779470623,86.6843249286,86.3612708341387,86.0705221491235,86.8555435986646,87.5620629032515,88.1979302773797,88.7702109140951,88.5985267230805,89.06207403882,89.4792666229855,89.8547399487345,89.7420979510098,89.6407201530576,89.9144402075286,89.8323241911873,90.0540374353088,90.2535793550182,90.1937167791054,90.35534573407,90.5008117935381,90.6317312470594,90.7495587552286,90.8556035125809,90.9510437941979
0,-5,8.5,20.65,31.585,41.4265,50.28385,58.255465,65.4299185,71.88692665,69.949824205,68.2064320045,66.63737902405,70.873822071265,74.6866208137585,73.5427811910105,76.6311481724302,79.410678455708,81.912255710658,84.163675240113,83.4882493812765,85.311899200135,86.9531840371077,88.4303403903831,89.759781108331,90.9562777544841,90.5973287606382,90.2742746661768,89.9835259811616,89.7218521646479,89.4863457297856,89.2743899384095,89.0836297261711,89.5986822992149,90.0622296149544,89.9231654202326,89.7980076449829,90.135933638157,90.4400670320137,90.3488270138567,90.2667109975154,90.1928065828082,90.3923485025176,90.571936230256,90.7335651852206,90.8790312446887,91.00995069821,91.1277782063792,91.0924299539285,91.0606165267228
0,-5,8.5,20.65,31.585,41.4265,50.28385,58.255465,55.8639805,53.71164445,59.522951785,64.7531283865,69.46028732785,73.696730375065,77.5095291175585,80.9410479858027,79.9115923253294,78.9850822309035,81.4866594858535,83.7380790153085,85.764356591818,87.5880064106765,87.040911465019,88.5180678182944,89.8475085362422,89.4486763208579,90.5255233023957,91.4946855857797,92.3669316408253,93.1519530903663,93.8584723949533,93.6465166035772,94.2187972402926,94.047113049278,93.8925972773648,93.753533082643,94.129006408392,94.466932401566,94.7710657954227,95.0447858498937,95.2911338989176,95.2172294842105,95.4167714039198,95.5963591316583,95.7579880866228,95.903454146091,96.0343735996123,95.9950977635559,96.1011425209082,96.1965828025252
0,-5,8.5,20.65,31.585,41.4265,50.28385,47.626645,54.8010985,61.25810665,67.069413985,65.3260217845,63.75696880405,67.993411851265,66.7224789371005,70.1539978053446,73.2423647867644,76.0218950700421,78.5234723249921,80.7748918544471,82.8011694309566,82.1932861580038,83.8345709949765,83.3421855438847,82.899038637902,82.5002064225177,83.5770534040554,84.5462156874395,85.4184617424851,86.2034831920261,86.910002496613,87.5458698707413,87.3551096585028,87.8701622315467,87.7156464596335,88.1328390437991,88.508312369548,88.8462383627221,89.1503717565788,89.4240918110498,89.6704398600737,89.8921531041952,90.0916950239046,90.271282751643,90.4329117066076,90.3844230201182,90.5153424736395,90.6331699818087,90.739214739161,90.834655020778
0,-5,8.5,20.65,17.005,13.7245,10.77205,18.743665,16.3521805,14.19984445,20.011151785,25.2413283865,29.94848732785,34.184930375065,37.9977291175585,41.4292479858027,44.5176149672224,47.2971452505002,46.4632861655168,45.7128129890318,47.7390905655413,49.5627403843999,51.2040252213726,52.681181574648,54.0106222925959,55.2071189387489,54.848169944903,54.5251158504417,54.2343671654265,55.0193886149675,55.7259079195545,55.5139521281784,56.0862327648938,56.6012853379377,57.0648326536772,57.4820252378427,57.8574985635917,57.744856565867,58.0489899597237,58.3227100141947,58.5690580632186,58.7907713073401,58.9903132270495,59.1699009547879,59.3315299097525,59.4769959692206,59.6079154227419,59.5686395866855,59.5332913342348,59.5014779070291
0,-5,8.5,20.65,17.005,13.7245,10.77205,8.114845,15.2892985,21.74630665,27.557613985,32.7877905865,37.49494952785,36.082801845445,39.8956005879385,43.3271194561827,46.4154864376024,49.1950167208802,48.3611576358968,50.6125771653518,52.6388547418613,54.4625045607199,53.9154096150623,53.4230241639705,52.9798772579879,54.1763739041409,53.817424910295,53.4943708158337,53.2036221308185,52.9419483143048,53.6484676188917,54.28433499302,54.0935747807815,53.9218905897669,54.3854379055064,54.8026304896719,54.6774727144223,54.5648307166976,54.8689641105542,55.1426841650253,55.3890322140492,55.6107454581707,55.8102873778801,55.7504248019672,55.9120537569318,56.0575198164,56.0138799985595,56.1317075067287,56.237752264081,56.333192545698
0,-5,-9.5,2.65,13.585,23.4265,32.28385,29.626645,27.2351605,33.69216865,31.755066205,36.9852428065,41.69240174785,45.928844795065,49.7416435375585,53.1731624058027,56.2615293872224,59.0410596705002,61.5426369254501,63.7940564549051,65.8203340314146,67.6439838502732,69.2852686872458,70.7624250405213,72.0918657584691,73.2883624046222,74.36520938616,75.334371669544,76.2066177245896,75.944943908076,76.6514632126629,76.4395074212868,77.0117880580022,76.8401038669876,76.6855880950744,77.10278067924,77.478254004989,77.816179998163,78.1203133920197,78.3940334464907,78.3119174301494,78.5336306742709,78.4671167010345,78.4072541251217,78.5688830800863,78.5203943935969,78.6513138471182,78.7691413552874,78.8751861126396,78.9706263942567
0,-5,8.5,20.65,31.585,41.4265,38.47405,46.445665,44.0541805,50.51118865,48.574086205,53.8042628065,52.23520982605,50.823062143645,49.5521292294805,52.9836480977247,56.0720150791444,58.8515453624222,58.0176862774388,60.2691058068938,62.2953833834033,64.1190332022618,65.7603180392345,67.23747439251,68.5669151104578,69.7634117566109,70.8402587381487,71.8094210215327,72.6816670765783,72.4199932600646,73.1265125646516,73.7623799387798,73.5716197265413,74.0866722995852,74.5502196153247,74.9674121994902,75.3428855252392,75.2302435275145,75.5343769213712,75.8080969758422,76.0544450248661,76.2761582689876,76.475700188697,76.6552879164354,76.8169168714,76.9623829308682,76.9187431130277,77.0365706211969,77.0012223687461,76.9694089415405
0,-5,8.5,20.65,31.585,41.4265,50.28385,58.255465,65.4299185,71.88692665,77.698233985,82.9284105865,87.63556952785,86.223421845445,90.0362205879385,93.4677394561827,92.4382837957094,91.5117737012835,94.0133509562335,93.2628777797485,92.587451920912,94.4111017397705,96.0523865767432,97.5295429300186,97.086396024036,96.6875638086516,97.7644107901894,98.7335730735734,99.605819128619,100.39084057816,101.097359882747,100.885404091371,100.694643879132,101.209696452176,101.673243767916,102.090436352081,101.965278576832,102.303204570006,102.607337963862,102.881058018333,102.798942001992,102.725037587285,102.924579506994,103.104167234733,103.265796189697,103.411262249166,103.542181702687,103.660009210856,103.624660958405,103.720101240022
0,-5,8.5,20.65,31.585,41.4265,50.28385,47.626645,45.2351605,51.69216865,57.503475985,62.7336525865,67.44081152785,66.028663845445,69.8414625879385,68.6976229651904,71.7859899466102,74.565520229888,77.0670974848379,79.3185170142929,78.6430911554564,80.466740974315,82.1080258112877,83.5851821645631,84.914622882511,86.1111195286641,87.1879665102018,88.1571287935859,89.0293748486315,88.7677010321178,89.4742203367047,89.2622645453286,89.0715043330902,88.8998201420755,88.7453043701624,89.1624969543279,89.5379702800769,89.4253282823522,89.3239504844,89.597670538871,89.5155545225297,89.4416501078225,89.6411920275319,89.8207797552703,89.9824087102349,89.9339200237455,90.0648394772668,90.0255636412104,90.1316083985627,90.2270486801797
0,-5,8.5,20.65,17.005,13.7245,10.77205,18.743665,16.3521805,14.19984445,12.262742005,10.5193498045,8.95029682405,7.538149141645,11.3509478841385,14.7824667523826,17.8708337338024,20.6503640170801,23.1519412720301,25.4033608014851,27.4296383779946,29.2532881968531,30.8945730338258,32.3717293871013,33.7011701050491,34.8976667512022,35.97451373274,36.943676016124,37.8159220711696,37.5542482546559,37.3187418197936,37.1067860284175,37.6790666651329,37.5073824741183,37.9709297898578,38.3881223740233,38.7635956997723,39.1015216929464,39.4056550868031,39.6793751412741,39.925723190298,39.8518187755908,39.7853048023544,39.9648925300928,39.9110162117713,39.8625275252819,39.8188877074415,39.9367152156107,40.0427599729629,40.13820025458
0,-5,8.5,4.45,15.385,25.2265,34.08385,31.426645,38.6010985,45.05810665,50.869413985,56.0995905865,60.80674952785,65.043192575065,68.8559913175585,67.7121516948105,66.6826960343372,69.462226317615,71.963803572565,74.21522310202,76.2415006785294,75.6336174055766,77.2749022425493,78.7520585958247,78.3089116898421,77.9100794744577,78.9869264559955,79.9560887393795,80.8283347944251,81.6133562439662,82.3198755485531,82.9557429226813,82.7649827104429,83.2800352834867,83.7435825992262,84.1607751833918,84.0356174081421,84.3735434013162,84.6776767951729,84.9513968496439,84.8692808333026,85.0909940774241,85.2905359971334,85.4701237248719,85.4162474065504,85.367758720061,85.4986781735823,85.4594023375259,85.5654470948782,85.6608873764952
0,-5,-9.5,2.65,13.585,23.4265,32.28385,40.255465,37.8639805,35.71164445,33.774542005,39.0047186065,43.71187754785,47.948320595065,46.6773876809005,50.1089065491447,49.0794508886714,48.1529407942455,50.6545180491955,52.9059375786505,54.93221515516,56.7558649740185,56.2087700283609,57.6859263816363,57.2427794756537,56.8439472602694,57.9207942418071,58.8899565251911,58.5992078401759,59.384229289717,60.0907485943039,60.7266159684322,61.2988966051476,61.8139491781915,62.277496493931,62.6946890780965,63.0701624038455,63.4080883970196,63.3067105990673,63.5804306535384,63.8267787025623,64.0484919466838,64.2480338663931,64.4276215941316,64.5892505490962,64.7347166085643,64.6910767907239,64.808904298893,64.9149490562453,65.0103893378623
0,-5,8.5,20.65,17.005,13.7245,10.77205,8.114845,5.7233605,12.18036865,17.991675985,23.2218525865,27.92901152785,32.165454575065,35.9782533175585,34.8344136948105,33.8049580343372,32.8784479399113,35.3800251948613,34.6295520183763,33.9541261595398,33.3462428865869,34.9875277235596,36.464684076835,37.7941247947829,37.3952925793986,37.0363435855526,36.7132894910913,37.5855355461369,38.3705569956779,39.0770763002649,38.8651205088888,38.6743602966503,38.5026761056357,38.3481603337225,38.7653529178881,39.1408262436371,39.4787522368111,39.7828856306678,40.0566056851388,40.3029537341627,40.2290493194556,40.4285912391649,40.6081789669034,40.5543026485818,40.5058139620925,40.6367334156138,40.754560923783,40.7192126713322,40.8146529529492
0,-5,-9.5,2.65,13.585,23.4265,32.28385,40.255465,47.4299185,45.27758245,51.088889785,56.3190663865,61.02622532785,65.262668375065,69.0754671175585,72.5069859858027,75.5953529672224,78.3748832505002,80.8764605054502,83.1278800349051,85.1541576114146,86.9778074302732,88.6190922672459,90.0962486205213,91.4256893384692,92.6221859846222,93.69903296616,93.3759788716987,93.0852301866835,92.8235563701698,92.5880499353075,93.2239173094357,93.7961979461512,94.311250519195,94.7747978349345,95.1919904191001,95.567463744849,95.9053897380231,96.2095231318798,96.1182831137228,96.3646311627467,96.5863444068682,96.7858863265776,96.7260237506648,96.8876527056293,96.83916401914,96.9700834726613,96.9308076366049,97.0368523939571,97.0050389667515
0,-5,8.5,20.65,31.585,41.4265,50.28385,47.626645,54.8010985,61.25810665,67.069413985,72.2995905865,70.73053760605,69.318389923645,73.1311886661385,76.5627075343827,79.6510745158024,78.7245644213765,81.2261416763265,83.4775612057815,85.5038387822909,87.3274886011495,88.9687734381222,90.4459297913976,91.7753705093455,92.9718671554986,92.6129181616526,92.2898640671913,93.1621101222369,93.9471315717779,93.7116251369156,94.3474925110439,94.9197731477593,94.7480889567447,94.5935731848315,94.4545089901097,94.32935121486,94.2167092171353,94.1153314191831,94.3890514736541,94.635399522678,94.8571127667995,95.0566546865089,95.2362424142473,95.1823660959258,95.3278321553939,95.4587516089152,95.4194757728588,95.5255205302111,95.4937071030054
0,-5,8.5,20.65,31.585,28.3045,25.35205,33.323665,40.4981185,46.95512665,52.766433985,57.9966105865,62.70376952785,66.940212575065,70.7530113175585,69.6091716948105,68.5797160343372,67.6532059399113,70.1547831948613,72.4062027243163,74.4324803008258,76.2561301196843,75.7090351740267,75.2166497229349,76.5460904408828,76.1472582254984,77.2241052070362,78.1932674904202,77.902518805405,78.6875402549461,79.394059559533,80.0299269336613,80.6022075703767,81.1172601434206,81.58080745916,81.9980000433256,82.3734733690746,82.7113993622486,83.0155327561053,83.2892528105763,83.5356008596002,83.7573141037218,83.9568560234311,84.1364437511696,84.2980727061341,84.4435387656023,84.5744582191236,84.5351823830672,84.6412271404195,84.7366674220365
0,-5,8.5,20.65,17.005,13.7245,10.77205,8.114845,5.7233605,3.57102445,1.633922005,-0.109470195500003,-1.67852317595,-3.090670858355,-4.3616037725195,-5.50544339526756,-2.41707641384782,0.362453869429943,-0.471405215553386,1.7800143139016,1.10458845506511,0.496705182112259,2.13799001908495,3.61514637236036,4.94458709030824,6.14108373646133,7.21793071799911,8.18709300138311,9.05933905642871,9.84436050596975,10.5508798105567,11.1867471846849,11.7590278214004,12.2740803944442,12.1195646225311,11.9805004278092,11.8553426525596,11.7427006548349,12.0468340486915,12.3205541031626,12.5669021521865,12.788615396308,12.7221014230715,12.6622388471587,12.8238678021233,12.9693338615914,13.1002533151128,13.2180808232819,13.3241255806342,13.2923121534285
0,-5,8.5,20.65,17.005,13.7245,10.77205,8.114845,5.7233605,12.18036865,17.991675985,23.2218525865,21.65279960605,25.889242653265,29.7020413957585,33.1335602640027,32.1041046035294,34.8836348868072,34.0497758018238,36.3011953312788,35.6257694724423,37.4494192913009,39.0907041282736,38.5983186771818,38.1551717711991,39.3516684173522,38.9927194235063,39.9618817068903,39.6711330218751,39.4094592053614,39.1739527704991,38.961996979123,39.5342776158384,40.0493301888823,40.5128775046218,40.9300700887873,41.3055434145363,41.6434694077104,41.9476028015671,42.2213228560381,42.467670905062,42.3937664903548,42.3272525171184,42.5068402448568,42.6684691998214,42.8139352592895,42.9448547128108,43.06268222098,43.1687269783323,43.2641672599493
0,-5,8.5,20.65,31.585,41.4265,38.47405,46.445665,44.0541805,50.51118865,56.322495985,61.5526725865,59.98361960605,58.571471923645,62.3842706661385,65.8157895343827,68.9041565158024,71.6836867990802,74.1852640540302,76.4366835834851,78.4629611599946,80.2866109788532,81.9278958158259,83.4050521691013,84.7344928870492,84.3356606716648,83.9767116778189,83.6536575833575,84.5259036384031,85.3109250879442,85.0754186530819,85.7112860272101,86.2835666639255,86.7986192369694,86.6441034650562,86.5050392703344,86.8805125960834,86.7678705983587,87.0720039922154,86.9807639740583,87.2271120230823,87.4488252672038,87.6483671869131,87.8279549146516,87.9895838696162,88.1350499290843,88.2659693826056,88.3837968907748,88.348448638324,88.3166352111184
0,-5,8.5,20.65,31.585,41.4265,38.47405,46.445665,44.0541805,41.90184445,47.713151785,52.9433283865,57.65048732785,61.886930375065,60.6159974609005,64.0475163291447,67.1358833105644,69.9154135938422,72.4169908487922,71.6665176723072,73.6927952488166,75.5164450676752,77.1577299046479,76.6653444535561,76.2221975475734,77.4186941937265,78.4955411752643,79.4647034586483,80.3369495136939,81.121970963235,81.8284902678219,82.4643576419501,82.2735974297117,82.7886500027555,82.6341342308424,82.4950700361205,82.3699122608709,82.707838254045,83.0119716479016,83.2856917023726,83.5320397513966,83.7537529955181,83.9532949152274,84.1328826429659,84.0790063246443,84.030517638155,83.9868778203145,84.1047053284837,84.210750085836,84.1789366586303
0,-5,8.5,20.65,17.005,13.7245,22.58185,30.553465,37.7279185,44.18492665,42.247824205,47.4780008065,52.18515974785,56.421602795065,55.1506698809005,58.5821887491447,61.6705557305644,60.7440456361385,63.2456228910885,62.4951497146035,64.521427291113,66.3450771099715,65.7979821643139,67.2751385175894,66.8319916116067,66.4331593962224,66.0742104023764,67.0433726857604,66.7526240007452,67.5376454502863,68.2441647548732,68.8800321290015,69.4523127657169,69.9673653387608,70.4309126545002,70.8481052386658,70.7229474634161,70.6103054656914,70.9144388595481,71.1881589140191,71.434506963043,71.6562202071645,71.5897062339281,71.5298436580153,71.4759673396937,71.6214333991619,71.7523528526832,71.8701803608524,71.8348321084016,71.9302723900187
0,-5,-9.5,2.65,13.585,23.4265,32.28385,40.255465,37.8639805,35.71164445,33.774542005,39.0047186065,43.71187754785,47.948320595065,51.7611193375585,55.1926382058027,58.2810051872224,61.0605354705002,60.2266763855168,62.4780959149718,64.5043734914813,66.3280233103398,67.9693081473125,69.446464500588,70.7759052185358,70.3770730031515,70.0181240093055,70.9872862926895,70.6965376076743,71.4815590572154,72.1880783618023,71.9761225704262,71.7853623581878,71.6136781671731,72.0772254829126,72.4944180670782,72.3692602918285,72.2566182941038,72.5607516879605,72.8344717424315,73.0808197914554,73.0069153767482,72.9404014035118,73.1199891312502,73.2816180862148,73.4270841456829,73.3834443278425,73.3441684917861,73.3088202393353,73.2770068121297
0,-5,8.5,20.65,17.005,13.7245,22.58185,30.553465,37.7279185,44.18492665,49.996233985,48.2528417845,46.68378880405,45.271641121645,44.0007082074805,42.8568685847325,45.9452355661522,48.72476584943,51.2263431043799,53.4777626338349,52.8023367749984,52.1944535020456,51.647358556388,53.1245149096634,52.6813680036808,53.8778646498339,54.9547116313717,54.6316575369103,55.5039035919559,56.288925041497,56.9954443460839,57.6313117202122,58.2035923569276,58.7186449299715,58.5641291580583,58.4250649633365,58.8005382890854,59.1384642822595,59.4425976761162,59.3513576579592,59.5977057069831,59.8194189511046,60.018960870814,59.9590982949012,60.1207272498658,60.0722385633764,60.028598745536,59.9893229094796,59.9539746570288,60.0494149386459
0,-5,8.5,20.65,31.585,41.4265,50.28385,58.255465,55.8639805,62.32098865,60.383886205,65.6140628065,70.32122174785,68.909074065445,72.7218728079385,76.1533916761827,79.2417586576024,82.0212889408802,81.1874298558968,80.4369566794118,82.4632342559213,81.8553509829685,83.4966358199411,84.9737921732166,86.3032328911644,87.4997295373175,88.5765765188553,89.5457388022393,90.4179848572849,90.1563110407713,90.8628303453582,91.4986977194864,92.0709783562018,92.5860309292457,92.4315151573326,92.2924509626107,92.6679242883597,93.0058502815338,93.3099836753905,93.5837037298615,93.8300517788854,94.0517650230069,94.2513069427163,94.1914443668034,94.353073321768,94.4985393812362,94.6294588347575,94.7472863429267,94.7119380904759,94.8073783720929
0,-5,8.5,20.65,17.005,13.7245,22.58185,30.553465,37.7279185,44.18492665,42.247824205,47.4780008065,45.90894782605,50.145390873265,53.9581896157585,52.8143499930104,55.9027169744302,58.6822472577079,61.1838245126579,63.4352440421129,65.4615216186224,67.285171437481,66.7380764918234,66.2456910407316,67.5751317586795,68.7716284048326,69.8484753863703,70.8176376697543,71.6898837248,72.474905174341,73.1814244789279,73.8172918530562,74.3895724897716,74.217888298757,74.6814356144965,74.5423714197746,74.9178447455236,74.8052027477989,75.1093361416556,75.3830561961266,75.6294042451505,75.5554998304433,75.7550417501527,75.9346294778911,76.0962584328557,76.2417244923239,76.3726439458452,76.4904714540144,76.5965162113666,76.5647027841609
0,-5,8.5,20.65,31.585,41.4265,50.28385,58.255465,65.4299185,71.88692665,77.698233985,82.9284105865,81.35935760605,79.947209923645,78.6762770094805,77.5324373867325,80.6208043681522,83.40033465143,85.90191190638,88.1533314358349,90.1796090123444,92.003258831203,93.6445436681757,95.1217000214511,96.451140739399,96.0523085240146,95.6933595301687,96.6625218135527,97.5347678685983,98.3197893181393,99.0263086227263,99.6621759968545,99.471415784616,99.2997315936014,99.7632789093409,100.180471493506,100.555944819255,100.443302821531,100.747436215387,101.021156269858,100.939040253517,100.86513583881,101.064677758519,101.004815182606,101.166444137571,101.117955451082,101.248874904603,101.366702412772,101.472747170124,101.568187451741
0,-5,8.5,20.65,31.585,41.4265,38.47405,46.445665,53.6201185,60.07712665,65.888433985,71.1186105865,75.82576952785,74.413621845445,78.2264205879385,77.0825809651905,80.1709479466102,79.2444378521843,78.4105787672009,80.6619982966559,82.6882758731654,84.511925692024,83.9648307463664,83.4724452952746,83.029298389292,82.6304661739076,83.7073131554454,84.6764754388294,85.548721493875,86.3337429434161,87.040262248003,87.6761296221312,87.4853694098928,87.3136852188781,87.7772325346176,87.6381683398958,88.0136416656448,88.3515676588189,88.6557010526755,88.5644610345185,88.8108090835424,88.7369046688353,88.9364465885446,89.116034316283,89.2776632712476,89.4231293307158,89.5540487842371,89.6718762924063,89.7779210497585,89.8733613313756
0,-5,8.5,20.65,31.585,28.3045,37.16185,45.133465,52.3079185,58.76492665,64.576233985,69.8064105865,74.51356952785,73.101421845445,71.8304889312805,75.2620077995247,78.3503747809444,81.1299050642222,83.6314823191722,85.8829018486271,87.9091794251366,89.7328292439952,91.3741140809679,92.8512704342433,94.1807111521912,95.3772077983442,95.0182588044983,94.695204710037,94.4044560250218,94.1427822085081,94.849301513095,95.4851688872233,95.2944086749848,95.1227244839702,94.968208712057,94.8291445173352,95.2046178430842,95.5425438362582,95.8466772301149,96.1203972845859,96.0382812682446,96.2599945123661,96.1934805391297,96.1336179632169,96.0797416448953,96.2252077043635,96.181567886523,96.1422920504666,96.1069437980159,96.2023840796329
0,-5,8.5,20.65,31.585,28.3045,37.16185,45.133465,52.3079185,58.76492665,64.576233985,62.8328417845,67.54000072585,71.776443773065,70.5055108589005,73.9370297271447,77.0253967085644,79.8049269918422,78.9710679068588,81.2224874363138,83.2487650128233,82.6408817398705,84.2821665768432,85.7593229301186,87.0887636480664,88.2852602942195,89.3621072757573,90.3312695591413,90.0405208741261,89.7788470576125,89.5433406227501,90.1792079968784,89.9884477846399,90.5035003576838,90.9670476734233,91.3842402575888,91.2590824823391,91.5970084755132,91.9011418693699,92.1748619238409,92.0927459074996,92.3144591516211,92.5140010713305,92.6935887990689,92.8552177540335,93.0006838135016,93.131603267023,93.0923274309666,93.0569791785158,93.0251657513101
0,-5,8.5,20.65,17.005,13.7245,10.77205,18.743665,25.9181185,32.37512665,38.186433985,43.4166105865,48.12376952785,46.711621845445,50.5244205879385,49.3805809651905,48.3511253047172,47.4246152102913,49.9261924652413,52.1776119946963,51.5021861358598,53.3258359547183,54.967120791691,54.4747353405992,54.0315884346166,55.2280850807696,56.3049320623074,57.2740943456914,56.9833456606762,56.7216718441625,56.4861654093002,57.1220327834285,57.6943134201439,58.2093659931878,58.6729133089273,59.0901058930928,58.9649481178431,58.8523061201184,59.1564395139751,59.4301595684461,59.67650761747,59.8982208615916,60.0977627813009,60.2773505090394,60.4389794640039,60.3904907775146,60.3468509596741,60.3075751236177,60.272226871167,60.367667152784
0,-5,8.5,20.65,31.585,41.4265,50.28385,58.255465,65.4299185,71.88692665,69.949824205,68.2064320045,66.63737902405,70.873822071265,74.6866208137585,78.1181396820027,77.0886840215294,79.8682143048072,82.3697915597572,84.6212110892122,86.6474886657217,88.4711384845802,87.9240435389226,87.4316580878308,86.9885111818482,86.5896789664639,87.6665259480016,88.6356882313856,89.5079342864313,89.2462604699176,89.0107540350553,88.7987982436792,89.3710788803946,89.8861314534385,90.349678769178,90.7668713533435,91.1423446790925,91.4802706722666,91.3788928743143,91.6526129287853,91.570496912444,91.7922101565656,91.7256961833291,91.6658336074163,91.6119572890948,91.5634686026054,91.5198287847649,91.6376562929341,91.6023080404834,91.5704946132777
0,-5,8.5,20.65,31.585,41.4265,38.47405,46.445665,53.6201185,60.07712665,58.140024205,63.3702008065,68.07735974785,66.665212065445,70.4780108079385,69.3341711851904,72.4225381666102,75.2020684498879,74.3682093649046,73.6177361884196,72.9423103295831,72.3344270566303,73.975711893603,75.4528682468784,76.7823089648263,76.3834767494419,77.4603237309797,78.4294860143637,79.3017320694093,80.0867535189503,79.851247084088,80.4871144582163,81.0593950949317,81.5744476679756,82.0379949837151,82.4551875678806,82.3300297926309,82.667955785805,82.9720891796617,83.2458092341327,83.4921572831566,83.7138705272781,83.9134124469875,84.0930001747259,84.2546291296905,84.4000951891586,84.5310146426799,84.6488421508491,84.7548869082014,84.8503271898184
0,-5,-9.5,2.65,13.585,10.3045,19.16185,27.133465,24.7419805,22.58964445,28.400951785,33.6311283865,38.33828732785,42.574730375065,46.3875291175585,49.8190479858027,52.9074149672224,55.6869452505002,58.1885225054501,60.4399420349051,62.4662196114146,61.8583363384618,63.4996211754345,64.9767775287099,66.3062182466577,67.5027148928108,68.5795618743486,69.5487241577326,70.4209702127782,70.1592963962646,70.8658157008515,70.6538599094754,71.2261405461908,71.0544563551762,71.5180036709157,71.9351962550812,72.3106695808302,72.1980275831055,72.5021609769622,72.7758810314332,72.6937650150919,72.9154782592134,73.1150201789228,73.2946079066612,73.4562368616258,73.6017029210939,73.7326223746153,73.6933465385589,73.6579982861081,73.6261848589024
0,-5,8.5,4.45,15.385,25.2265,34.08385,42.055465,49.2299185,55.68692665,61.498233985,66.7284105865,71.43556952785,75.672012575065,79.4848113175585,78.3409716948105,77.3115160343372,76.3850059399113,78.8865831948613,81.1380027243163,83.1642803008258,84.9879301196843,86.629214956657,88.1063713099324,89.4358120278803,90.6323086740334,91.7091556555712,92.6783179389552,93.5505639940008,94.3355854435418,95.0421047481288,94.8301489567527,95.4024295934681,95.917482166512,96.3810294822515,96.798222066417,97.173695392166,97.5116213853401,97.8157547791967,98.0894748336678,98.0073588173264,98.229072061448,98.4286139811573,98.6082017088958,98.7698306638603,98.721341977371,98.8522614308923,98.8129855948359,98.7776373423851,98.7458239151795
0,-5,8.5,4.45,15.385,12.1045,20.96185,28.933465,36.1079185,42.56492665,48.376233985,53.6064105865,58.31356952785,62.550012575065,66.3628113175585,69.7943301858027,72.8826971672224,75.6622274505002,74.8283683655168,74.0778951890318,76.1041727655413,77.9278225843999,77.3807276387423,78.8578839920177,80.1873247099656,79.7884924945812,80.865339476119,81.834501759503,82.7067478145486,83.4917692640897,84.1982885686766,84.8341559428049,84.6433957305664,84.4717115395518,84.9352588552913,85.3524514394568,85.7279247652058,85.6152827674811,85.5139049695289,85.7876250239999,86.0339730730238,86.2556863171453,86.4552282368547,86.6348159645931,86.5809396462716,86.5324509597822,86.6633704133035,86.6240945772471,86.7301393345994,86.8255796162164
0,-5,8.5,20.65,31.585,28.3045,37.16185,45.133465,52.3079185,58.76492665,64.576233985,69.8064105865,74.51356952785,78.750012575065,82.5628113175585,85.9943301858027,89.0826971672224,91.8622274505002,94.3638047054502,96.6152242349052,98.6415018114146,98.0336185384618,99.6749033754345,101.15205972871,102.481500446658,103.677997092811,103.319048098965,102.995994004504,103.868240059549,104.65326150909,105.359780813677,105.995648187805,105.804887975567,106.319940548611,106.78348786435,107.200680448516,107.576153774265,107.914079767439,108.218213161296,108.491933215767,108.738281264791,108.959994508912,108.893480535676,108.833617959763,108.779741641441,108.731252954952,108.862172408473,108.822896572417,108.928941329769,109.024381611386
0,-5,8.5,4.45,0.804999999999999,10.6465,19.50385,16.846645,14.4551605,12.30282445,10.365722005,15.5958986065,20.30305754785,24.539500595065,28.3522993375585,27.2084597148105,30.2968266962302,33.0763569795079,35.5779342344579,37.8293537639129,39.8556313404224,39.2477480674696,40.8890329044422,42.3661892577177,43.6956299756655,44.8921266218186,45.9689736033564,46.9381358867404,47.810381941786,48.595403391327,49.301922695914,49.9377900700422,50.5100707067577,51.0251232798015,51.488670595541,51.9058631797066,52.2813365054555,52.6192624986296,52.9233958924863,52.8321558743293,52.750039857988,52.9717531021095,53.1712950218189,53.3508827495573,53.5125117045219,53.65797776399,53.7888972175113,53.9067247256805,53.8713764732298,53.9668167548468
0,-5,8.5,20.65,31.585,41.4265,38.47405,46.445665,53.6201185,60.07712665,65.888433985,71.1186105865,69.54955760605,73.786000653265,77.5987993957585,81.0303182640027,80.0008626035294,82.7803928868072,85.2819701417572,87.5333896712122,89.5596672477217,91.3833170665802,90.8362221209226,92.3133784741981,93.6428191921459,94.839315838299,95.9161628198368,96.8853251032208,96.5945764182056,96.3329026016919,97.0394219062789,97.6752892804071,97.4845290681686,97.312844877154,97.7763921928935,98.193584777059,98.569058102808,98.4564161050833,98.3550383071311,98.2637982889741,98.510146337998,98.7318595821195,98.9314015018289,99.1109892295673,99.2726181845319,99.2241294980425,99.1804896802021,99.2983171883713,99.4043619457235,99.4998022273406
0,-5,-9.5,2.65,13.585,23.4265,32.28385,40.255465,47.4299185,45.27758245,51.088889785,56.3190663865,61.02622532785,65.262668375065,69.0754671175585,72.5069859858027,71.4775303253294,70.5510202309035,73.0525974858535,75.3040170153085,77.330294591818,79.1539444106765,78.6068494650189,80.0840058182944,79.6408589123117,79.2420266969274,80.3188736784652,81.2880359618492,82.1602820168948,81.8986082003811,82.605127504968,83.2409948790963,83.8132755158117,84.3283280888556,84.791875404595,85.2090679887606,85.5845413145096,85.9224673076836,85.8210895097314,86.0948095642024,86.3411576132263,86.2672531985192,86.2007392252827,86.1408766493699,86.3025056043345,86.4479716638026,86.4043318459622,86.5221593541314,86.6282041114836,86.7236443931007
0,-5,8.5,20.65,31.585,41.4265,50.28385,58.255465,55.8639805,62.32098865,68.132295985,66.3889037845,71.09606272585,75.332505773065,79.1453045155585,82.5768233838027,81.5473677233294,84.3268980066072,83.4930389216238,82.7425657451388,84.7688433216483,86.5924931405069,86.0453981948493,87.5225545481247,87.0794076421421,88.2759042882952,89.352751269833,90.321913553217,91.1941596082626,91.9791810578036,91.7436746229413,92.3795419970696,92.951822633785,92.7801384427704,92.6256226708572,92.4865584761354,92.8620318018843,93.1999577950584,93.0985799971062,93.0073399789492,93.2536880279731,93.4754012720946,93.4088872988582,93.5884750265966,93.7501039815612,93.7016152950718,93.6579754772314,93.618699641175,93.7247443985272,93.8201846801443
0,-5,8.5,4.45,15.385,25.2265,34.08385,42.055465,49.2299185,55.68692665,61.498233985,59.7548417845,64.46200072585,68.698443773065,72.5112425155585,71.3674028928105,74.4557698742302,77.235300157508,79.736877412458,81.9882969419129,84.0145745184224,83.4066912454696,82.859596299812,84.3367526530874,85.6661933710353,86.8626900171884,87.9395369987262,87.6164829042649,87.3257342192497,88.1107556687907,88.8172749733776,89.4531423475059,90.0254229842213,89.8537387932067,90.3172861089462,90.7344786931117,91.1099520188607,91.4478780120348,91.7520114058914,92.0257314603625,91.9436154440211,91.869711029314,91.8031970560775,91.982784783816,92.1444137387805,92.2898797982487,92.42079925177,92.5386267599392,92.6446715172914,92.7401117989085
0,-5,8.5,20.65,31.585,41.4265,50.28385,47.626645,54.8010985,52.64876245,58.460069785,63.6902463865,62.12119340605,66.357636453265,70.1704351957585,73.6019540640027,76.6903210454224,75.7638109509965,78.2653882059465,80.5168077354015,79.841381876565,79.2334986036121,78.6864036579546,78.1940182068628,79.5234589248106,80.7199555709637,80.3610065771178,81.3301688605018,82.2024149155474,81.9407410990337,82.6472604036207,83.2831277777489,83.0923675655104,82.9206833744958,83.3842306902353,83.8014232744008,84.1768966001498,84.0642546024251,83.9628768044729,84.2365968589439,84.4829449079678,84.4090404932606,84.60858241297,84.5487198370572,84.7103487920218,84.6618601055324,84.7927795590537,84.7535037229973,84.8595484803496,84.8277350531439
0,-5,8.5,20.65,31.585,41.4265,38.47405,46.445665,53.6201185,60.07712665,65.888433985,64.1450417845,68.85220072585,73.088643773065,76.9014425155585,80.3329613838027,79.3035057233294,78.3769956289035,80.8785728838535,83.1299924133085,85.156269989818,86.9799198086765,88.6212046456492,90.0983609989246,89.655214092942,90.8517107390951,90.4927617452492,90.1697076507878,89.8789589657726,90.6639804153137,90.4284739804513,90.2165181890753,90.0257579768368,89.8540737858222,89.699558013909,90.1167505980745,90.4922239238235,90.8301499169976,90.7287721190454,91.0024921735164,90.9203761571751,91.1420894012966,91.341631321006,91.5212190487444,91.682848003709,91.8283140631771,91.7846742453367,91.7453984092803,91.8514431666325,91.8196297394269
0,-5,8.5,20.65,31.585,41.4265,50.28385,58.255465,65.4299185,71.88692665,69.949824205,75.1800008065,79.88715974785,78.475012065445,77.2040791512805,76.0602395285325,79.1486065099522,81.92813679323,81.0942777082466,83.3456972377016,82.6702713788651,82.0623881059123,81.5152931602547,82.9924495135301,82.5493026075475,82.1504703921632,81.7915213983172,81.4684673038559,81.1777186188407,80.916044802327,80.6805383674647,80.4685825760886,80.2778223638501,80.1061381728355,79.9516224009223,79.8125582062005,80.1880315319495,80.0753895342248,80.3795229280815,80.6532429825525,80.8995910315764,81.1213042756979,81.3208461954073,81.5004339231457,81.4465576048242,81.3980689183348,81.3544291004944,81.4722566086635,81.5783013660158,81.5464879388101
0,-5,8.5,20.65,31.585,41.4265,38.47405,46.445665,53.6201185,60.07712665,65.888433985,64.1450417845,68.85220072585,73.088643773065,71.8177108589005,70.6738712361525,73.7622382175722,76.54176850085,79.0433457558,81.294765285255,83.3210428617644,85.144692680623,84.5975977349654,84.1052122838736,85.4346530018215,86.6311496479746,86.2722006541287,87.2413629375127,88.1136089925583,87.8519351760446,88.5584544806315,89.1943218547598,89.7666024914752,90.2816550645191,90.7452023802585,91.1623949644241,91.0372371891744,90.9245951914497,90.8232173934975,91.0969374479685,91.3432854969924,91.2693810822852,91.2028671090488,91.143004533136,91.3046334881006,91.2561448016112,91.2125049837707,91.3303324919399,91.2949842394892,91.2631708122835
0,-5,8.5,20.65,31.585,41.4265,38.47405,46.445665,53.6201185,51.46778245,57.279089785,62.5092663865,67.21642532785,65.804277645445,69.6170763879385,73.0485952561827,76.1369622376024,78.9164925208802,81.4180697758301,83.6694893052851,85.6957668817946,87.5194167006532,86.9723217549956,88.449478108271,89.7789188262189,90.975415472372,90.6164664785261,91.5856287619101,92.4578748169557,92.196201000442,91.9606945655797,92.5965619397079,93.1688425764233,93.6838951494672,94.1474424652067,94.5646350493722,94.4394772741226,94.7774032672967,94.6760254693444,94.5847854511874,94.8311335002113,95.0528467443329,94.9863327710964,94.9264701951836,94.8725938768621,94.8241051903727,94.955024643894,94.9157488078376,94.8804005553868,94.8485871281812
0,-5,8.5,20.65,17.005,13.7245,22.58185,30.553465,37.7279185,44.18492665,42.247824205,40.5044320045,38.93537902405,43.171822071265,46.9846208137585,45.8407811910104,44.8113255305372,47.590855813815,50.0924330687649,52.3438525982199,54.3701301747294,56.193779993588,57.8350648305607,59.3122211838361,60.6416619017839,61.838158547937,62.9150055294748,62.5919514350135,63.4641974900591,63.2025236735454,62.9670172386831,63.6028846128113,64.1751652495267,64.6902178225706,65.1537651383101,65.5709577224756,65.9464310482246,66.2843570413987,66.5884904352554,66.8622104897264,67.1085585387503,67.3302717828718,67.5298137025812,67.4699511266684,67.6315800816329,67.7770461411011,67.9079655946224,68.0257931027916,68.1318378601438,68.2272781417609
0,-5,8.5,20.65,17.005,13.7245,10.77205,18.743665,16.3521805,14.19984445,12.262742005,17.4929186065,15.92386562605,14.511717943645,13.2407850294805,12.0969454067324,11.0674897462592,10.1409796518333,12.6425569067833,14.8939764362383,16.9202540127477,16.3123707397949,17.9536555767676,19.430811930043,20.7602526479909,21.956749294144,23.0335962756817,24.0027585590658,23.7120098740506,23.4503360575369,23.2148296226746,23.8506969968028,23.6599367845643,24.1749893576082,24.6385366733477,24.4994724786258,24.3743147033762,24.2616727056515,24.1602949076993,24.0690548895423,23.986938873201,23.9130344584938,23.8465204852573,23.7866579093445,23.732781591023,23.6842929045336,23.6406530866932,23.6013772506368,23.566028998186,23.6614692798031
0,-5,8.5,20.65,31.585,41.4265,50.28385,58.255465,65.4299185,71.88692665,77.698233985,75.9548417845,80.66200072585,79.249853043445,83.0626517859385,81.9188121631905,80.8893565027172,83.668886785995,86.170464040945,88.4218835704,90.4481611469094,89.8402778739566,91.4815627109293,92.9587190642047,92.5155721582221,92.1167399428377,93.1935869243755,94.1627492077595,95.0349952628051,95.8200167123462,95.5845102774838,95.3725544861078,95.9448351228232,96.4598876958671,96.9234350116065,96.7843708168847,96.659213041635,96.9971390348091,97.3012724286658,97.5749924831368,97.8213405321607,98.0430537762822,97.9765398030458,98.1561275307842,98.1022512124627,98.2477172719308,98.2040774540904,98.164801618034,98.2708463753863,98.3662866570033
0,-5,8.5,20.65,17.005,13.7245,10.77205,8.114845,5.7233605,12.18036865,17.991675985,16.2482837845,20.95544272585,25.191885773065,29.0046845155585,32.4362033838027,31.4067477233294,34.1862780066072,36.6878552615572,38.9392747910121,40.9655523675216,42.7892021863802,44.4304870233529,45.9076433766283,47.2370840945762,46.8382518791918,46.4793028853459,46.1562487908845,45.8655001058693,45.6038262893557,46.3103455939426,46.9462129680708,47.5184936047863,48.0335461778301,48.4970934935696,48.3580292988478,48.7335026245968,49.0714286177709,48.9700508198186,48.8788108016616,48.7966947853203,48.7227903706132,48.9223322903225,48.8624697144097,48.8085933960882,48.7601047095988,48.7164648917584,48.8342923999276,48.9403371572798,49.0357774388969
0,-5,8.5,20.65,31.585,28.3045,37.16185,45.133465,42.7419805,49.19898865,55.010295985,60.2404725865,64.94763152785,69.184074575065,72.9968733175585,76.4283921858027,79.5167591672224,82.2962894505002,84.7978667054502,87.0492862349052,89.0755638114146,90.8992136302732,92.5404984672459,94.0176548205213,95.3470955384692,94.9482633230848,94.5893143292389,95.5584766126229,96.4307226676685,97.2157441172095,97.9222634217965,98.5581307959247,99.1304114326401,99.645464005684,100.109011321423,100.526203905589,100.901677231338,101.239603224512,101.543736618369,101.81745667284,102.063804721864,102.285517965985,102.485059885695,102.664647613433,102.826276568398,102.971742627866,103.102662081387,103.063386245331,103.169431002683,103.2648712843
0,-5,8.5,20.65,31.585,41.4265,50.28385,58.255465,55.8639805,62.32098865,68.132295985,66.3889037845,71.09606272585,75.332505773065,79.1453045155585,82.5768233838027,85.6651903652224,88.4447206485002,90.9462979034502,90.1958247269652,89.5203988681287,88.9125155951758,90.5538004321485,92.0309567854239,91.5878098794413,92.7843065255944,93.8611535071322,93.5380994126708,93.2473507276556,92.985676911142,92.7501704762796,93.3860378504079,93.9583184871233,94.4733710601672,94.9369183759067,95.3541109600722,95.7295842858212,96.0675102789953,95.966132481043,96.239852535514,96.1577365191727,96.3794497632943,96.5789916830036,96.5191291070908,96.6807580620554,96.8262241215235,96.9571435750448,96.9178677389884,97.0239124963407,97.1193527779578
0,-5,8.5,4.45,15.385,12.1045,20.96185,28.933465,36.1079185,42.56492665,48.376233985,53.6064105865,58.31356952785,56.901421845445,60.7142205879385,64.1457394561827,67.2341064376024,70.0136367208802,72.5152139758302,74.7666335052851,76.7929110817946,78.6165609006532,80.2578457376259,79.7654602865341,81.0949010044819,82.291397650635,83.3682446321728,84.3374069155568,84.0466582305416,83.7849844140279,84.4915037186149,85.1273710927431,84.9366108805046,85.4516634535485,85.915210769288,86.3324033534535,86.2072455782039,86.0946035804792,86.3987369743358,86.6724570288069,86.9188050778308,86.8449006631236,87.044442582833,86.9845800069201,87.1462089618847,87.2916750213529,87.4225944748742,87.5404219830434,87.5050737305926,87.4732603033869
0,-5,8.5,20.65,31.585,41.4265,50.28385,47.626645,54.8010985,61.25810665,67.069413985,72.2995905865,77.00674952785,81.243192575065,85.0559913175585,88.4875101858027,91.5758771672224,90.6493670727965,93.1509443277465,95.4023638572015,97.428641433711,99.2522912525695,100.893576089542,100.40119063845,99.9580437324677,101.154540378621,100.795591384775,100.472537290314,100.181788605298,99.9201147887847,99.6846083539224,100.320475728051,100.892756364766,101.40780893781,101.253293165897,101.114228971175,100.989071195925,100.876429198201,101.180562592057,101.454282646528,101.372166630187,101.593879874308,101.793421794018,101.733559218105,101.89518817307,102.040654232538,101.997014414697,102.114841922866,102.220886680219,102.316326961836
0,-5,8.5,20.65,17.005,13.7245,10.77205,8.114845,15.2892985,21.74630665,27.557613985,32.7877905865,31.21873760605,35.455180653265,39.2679793957585,42.6994982640027,45.7878652454224,44.8613551509965,47.3629324059465,49.6143519354014,51.6406295119109,53.4642793307695,55.1055641677422,56.5827205210176,57.9121612389655,59.1086578851185,58.7497088912726,59.7188711746566,60.5911172297022,61.3761386792433,62.0826579838302,62.7185253579584,62.52776514572,63.0428177187638,63.5063650345033,63.9235576186689,63.7983998434192,63.6857578456945,63.9898912395512,64.2636112940222,64.1814952776809,64.1075908629737,64.0410768897373,63.9812143138245,63.9273379955029,63.8788493090136,64.0097687625349,64.1275962707041,64.2336410280563,64.2018276008507
0,-5,-9.5,2.65,13.585,23.4265,32.28385,29.626645,36.8010985,43.25810665,49.069413985,54.2995905865,59.00674952785,63.243192575065,67.0559913175585,70.4875101858027,73.5758771672224,76.3554074505002,75.5215483655168,77.7729678949718,79.7992454714813,79.1913621985285,78.6442672528709,80.1214236061463,79.6782767001637,80.8747733463168,81.9516203278546,82.9207826112386,83.7930286662842,84.5780501158252,85.2845694204122,85.0726136290361,85.6448942657515,86.1599468387954,86.0054310668822,86.4226236510477,86.7980969767967,87.1360229699708,87.4401563638275,87.7138764182985,87.9602244673224,88.1819377114439,88.1154237382075,88.0555611622947,88.0016848439731,88.1471509034413,88.2780703569626,88.2387945209062,88.3448392782584,88.4402795598755
0,-5,8.5,20.65,17.005,26.8465,23.89405,31.865665,39.0401185,45.49712665,51.308433985,56.5386105865,61.24576952785,65.482212575065,69.2950113175585,72.7265301858027,75.8148971672224,78.5944274505002,81.0960047054502,80.3455315289652,79.6701056701287,81.4937554889872,80.9466605433296,80.4542750922378,80.0111281862552,79.6122959708708,79.2533469770249,80.2225092604089,81.0947553154545,81.8797767649956,82.5862960695825,83.2221634437108,83.7944440804262,84.30949665347,84.7730439692095,85.1902365533751,85.5657098791241,85.4530678813994,85.3516900834471,85.6254101379182,85.8717581869421,85.7978537722349,85.7313397989984,85.6714772230856,85.6176009047641,85.7630669642322,85.7194271463918,85.837254654561,85.9432994119132,86.0387396935303
0,-5,8.5,20.65,17.005,13.7245,10.77205,8.114845,5.7233605,12.18036865,10.243266205,15.4734428065,13.90438982605,12.492242143645,11.2213092294805,10.0774696067324,9.0480139462592,8.12150385183328,10.6230811067833,12.8745006362383,14.9007782127477,16.7244280316063,18.365712868579,19.8428692218544,19.3997223158718,19.0008901004874,20.0777370820252,21.0468993654092,20.756150680394,21.541172129935,22.247691434522,22.8835588086502,23.4558394453656,23.9708920184095,23.8163762464963,24.2335688306619,24.6090421564109,24.4964001586862,24.8005335525429,24.7092935343858,24.9556415834098,25.1773548275313,25.3768967472407,25.5564844749791,25.7181134299437,25.8635794894118,25.9944989429331,26.1123264511023,26.2183712084546,26.3138114900716
0,-5,-9.5,2.65,13.585,23.4265,32.28385,40.255465,47.4299185,53.88692665,59.698233985,57.9548417845,62.66200072585,66.898443773065,65.6275108589005,69.0590297271447,68.0295740666714,67.1030639722455,69.6046412271955,71.8560607566505,73.88233833316,75.7059881520185,77.3472729889912,78.8244293422666,80.1538700602145,79.7550378448301,80.8318848263679,80.5088307319066,80.2180820468914,81.0031034964324,81.7096228010193,82.3454901751476,82.1547299629091,82.669782535953,83.1333298516925,82.9942656569706,82.869107881721,83.2070338748951,83.5111672687517,83.7848873232227,83.7027713068814,83.6288668921743,83.8284088118836,84.0079965396221,84.1696254945867,84.3150915540548,84.2714517362143,84.3892792443835,84.3539309919328,84.4493712735498
0,-5,8.5,20.65,31.585,41.4265,50.28385,47.626645,45.2351605,51.69216865,57.503475985,62.7336525865,67.44081152785,66.028663845445,69.8414625879385,68.6976229651904,71.7859899466102,74.565520229888,77.0670974848379,76.3166243083529,75.6411984495165,77.464848268375,79.1061331053477,80.5832894586231,81.912730176571,81.5138979611866,82.5907449427244,82.2676908482631,83.1399369033087,83.9249583528497,83.6894519179874,84.3253192921156,84.1345590798772,84.649611652921,84.4950958810079,84.9122884651734,85.2877617909224,85.1751197931977,85.4792531870544,85.7529732415254,85.9993212905493,86.2210345346708,86.4205764543802,86.6001641821186,86.7617931370832,86.9072591965513,87.0381786500726,87.1560061582418,87.2620509155941,87.3574911972111
0,-5,8.5,20.65,31.585,41.4265,38.47405,46.445665,53.6201185,51.46778245,57.279089785,62.5092663865,67.21642532785,71.452868375065,75.2656671175585,74.1218274948105,77.2101944762302,79.989724759508,82.491302014458,84.7427215439129,84.0672956850765,85.890945503935,87.5322303409077,87.0398448898159,88.3692856077638,89.5657822539169,90.6426292354546,91.6117915188386,91.3210428338234,91.0593690173098,91.7658883218967,92.4017556960249,92.2109954837865,92.7260480568303,92.5715322849172,92.9887248690827,93.3641981948317,93.251556197107,93.5556895909637,93.4644495728067,93.3823335564654,93.3084291417582,93.5079710614675,93.4481084855547,93.6097374405193,93.5612487540299,93.5176089361895,93.4783331001331,93.4429848476823,93.5384251292994
0,-5,8.5,20.65,17.005,26.8465,35.70385,33.046645,40.2210985,46.67810665,52.489413985,57.7195905865,62.42674952785,66.663192575065,65.3922596609005,68.8237785291447,71.9121455105644,74.6916757938422,77.1932530487922,79.4446725782472,81.4709501547566,83.2945999736152,84.9358848105879,86.4130411638633,87.7424818818112,88.9389785279643,90.015825509502,89.6927714150407,90.5650174700863,91.3500389196274,91.114532484765,90.902576693389,91.4748573301044,91.9899099031482,91.8353941312351,92.2525867154006,92.6280600411496,92.5154180434249,92.8195514372816,92.7283114191246,92.9746594681485,93.19637271227,93.3959146319794,93.3360520560665,93.4976810110311,93.6431470704993,93.5995072526588,93.5602314166024,93.6662761739547,93.7617164555717
0,-5,8.5,20.65,31.585,41.4265,50.28385,58.255465,65.4299185,71.88692665,77.698233985,82.9284105865,87.63556952785,86.223421845445,84.9524889312805,88.3840077995247,91.4723747809444,94.2519050642222,96.7534823191722,96.0030091426871,98.0292867191966,97.4214034462438,99.0626882832165,100.539844636492,101.86928535444,101.470453139055,102.547300120593,103.516462403977,104.388708459023,105.173729908564,105.880249213151,106.516116587279,107.088397223994,107.603449797038,108.066997112778,108.484189696943,108.859663022692,109.197589015866,109.501722409723,109.775442464194,110.021790513218,110.24350375734,110.443045677049,110.383183101136,110.544812056101,110.496323369611,110.627242823133,110.745070331302,110.851115088654,110.946555370271
0,-5,8.5,20.65,31.585,41.4265,50.28385,58.255465,65.4299185,71.88692665,77.698233985,75.9548417845,80.66200072585,84.898443773065,83.6275108589005,82.4836712361525,85.5720382175722,84.6455281231463,87.1471053780963,89.3985249075513,91.4248024840607,93.2484523029193,94.889737139892,94.3973516888002,95.726792406748,95.3279601913637,94.9690111975178,95.9381734809018,95.6474247958866,96.4324462454276,97.1389655500145,96.9270097586385,96.7362495464,96.5645653553854,97.0281126711249,97.4453052552904,97.8207785810394,98.1587045742135,98.0573267762612,98.3310468307322,98.5773948797562,98.7991081238777,98.7325941506412,98.9121818783797,99.0738108333442,99.0253221468549,98.9816823290144,99.0995098371836,99.0641615847328,99.1596018663499
0,-5,8.5,20.65,17.005,13.7245,10.77205,8.114845,15.2892985,21.74630665,27.557613985,25.8142217845,24.24516880405,22.833021121645,21.5620882074805,24.9936070757247,23.9641514152514,23.0376413208255,22.2037822358422,21.4533090593572,20.7778832005207,20.1699999275678,19.6229049819103,19.1305195308185,18.6873726248358,18.2885404094515,17.9295914156055,17.6065373211442,17.315788636129,17.0541148196153,16.818608384753,17.4544757588812,17.2637155466428,17.7787681196867,18.2423154354261,18.6595080195917,19.0349813453407,19.3729073385148,19.6770407323714,19.5858007142144,19.5036846978731,19.7253979419947,19.6588839687582,19.5990213928454,19.5451450745239,19.4966563880345,19.453016570194,19.4137407341377,19.3783924816869,19.3465790544812
0,-5,8.5,20.65,31.585,41.4265,38.47405,46.445665,44.0541805,41.90184445,47.713151785,52.9433283865,57.65048732785,61.886930375065,65.6997291175585,69.1312479858027,72.2196149672224,74.9991452505002,77.5007225054502,79.7521420349051,79.0767161760687,80.9003659949272,82.5416508318999,84.0188071851753,85.3482479031232,86.5447445492763,87.6215915308141,87.2985374363527,88.1707834913983,87.9091096748846,88.6156289794716,89.2514963535998,89.8237769903152,89.6520927993006,89.4975770273875,89.3585128326656,89.7339861584146,90.0719121515887,90.3760455454454,90.6497655999164,90.8961136489403,91.1178268930618,91.3173688127712,91.4969565405096,91.4430802221881,91.5885462816562,91.7194657351775,91.8372932433467,91.8019449908959,91.7701315636903
0,-5,8.5,20.65,17.005,13.7245,10.77205,18.743665,16.3521805,14.19984445,20.011151785,25.2413283865,29.94848732785,34.184930375065,37.9977291175585,41.4292479858027,44.5176149672224,47.2971452505002,49.7987225054502,52.0501420349051,54.0764196114146,55.9000694302732,57.5413542672459,59.0185106205213,60.3479513384691,59.9491191230848,61.0259661046226,61.9951283880066,62.8673744430522,63.6523958925932,63.4168894577309,64.0527568318591,64.6250374685745,65.1400900416184,64.9855742697053,65.4027668538708,65.7782401796198,66.1161661727939,66.0147883748416,65.9235483566846,65.8414323403433,66.0631455844648,66.2626875041742,66.2028249282614,66.1489486099399,66.1004599234505,66.2313793769718,66.1921035409154,66.1567552884646,66.2521955700817
0,-5,8.5,20.65,17.005,13.7245,10.77205,8.114845,15.2892985,21.74630665,19.809204205,18.0658120045,22.77297094585,27.009413993065,30.8222127355585,34.2537316038027,37.3420985852224,40.1216288685002,42.6232061234501,44.8746256529051,46.9009032294146,48.7245530482732,48.1774581026156,47.6850726515238,49.0145133694717,50.2110100156248,49.8520610217788,50.8212233051628,50.5304746201476,51.3154960696887,52.0220153742756,52.6578827484039,52.4671225361654,52.9821751092093,53.4457224249487,53.3066582302269,53.6821315559759,54.02005754915,54.3241909430067,54.5979109974777,54.5157949811364,54.7375082252579,54.6709942520214,54.8505819797599,54.7967056614383,54.9421717209065,55.0730911744278,55.190918682597,55.2969634399492,55.3924037215663
0,-5,8.5,20.65,31.585,41.4265,50.28385,58.255465,55.8639805,62.32098865,60.383886205,58.6404940045,57.07144102405,61.307884071265,60.0369511571005,63.4684700253447,66.5568370067644,69.3363672900422,71.8379445449922,74.0893640744471,73.4139382156107,75.2375880344692,76.8788728714419,78.3560292247173,79.6854699426652,80.8819665888183,81.9588135703561,82.9279758537401,83.8002219087857,84.5852433583267,85.2917626629137,85.9276300370419,86.4999106737573,87.0149632468012,86.860447474888,87.2776400590536,87.1524822838039,87.490408276978,87.7945416708346,88.0682617253057,88.3146097743296,88.2407053596224,88.1741913863859,88.3537791141244,88.515408069089,88.6608741285571,88.7917935820784,88.9096210902476,89.0156658475999,89.1111061292169
0,-5,8.5,20.65,31.585,41.4265,50.28385,47.626645,45.2351605,51.69216865,57.503475985,62.7336525865,61.16459960605,59.752451923645,58.4815190094805,61.9130378777247,65.0014048591444,67.7809351424222,70.2825123973722,72.5339319268272,74.5602095033366,76.3838593221952,78.0251441591679,79.5023005124433,80.8317412303912,82.0282378765443,83.105084858082,84.074247141466,84.9464931965117,85.7315146460527,85.4960082111904,86.1318755853186,86.704156222034,86.5324720310194,86.3779562591063,86.7951488432718,87.1706221690208,87.0579801712961,86.9566023733439,86.8653623551868,87.1117104042108,87.3334236483323,87.5329655680416,87.4731029921288,87.4192266738073,87.5646927332754,87.6956121867967,87.8134396949659,87.7780914425152,87.8735317241322
0,-5,8.5,20.65,31.585,41.4265,38.47405,35.816845,42.9912985,49.44830665,55.259613985,60.4897905865,65.19694952785,63.784801845445,67.5976005879385,71.0291194561827,74.1174864376024,76.8970167208802,79.3985939758302,81.6500135052852,83.6762910817946,85.4999409006532,87.1412257376259,88.6183820909013,89.9478228088492,91.1443194550023,90.7853704611563,90.462316366695,90.1715676816798,90.9565891312208,91.6631084358078,92.298975809936,92.8712564466514,92.6995722556368,92.5450564837236,92.4059922890018,92.2808345137521,92.6187605069262,92.9228939007829,92.8316538826259,93.0780019316498,93.2997151757713,93.4992570954807,93.4393945195679,93.3855182012463,93.5309842607145,93.6619037142358,93.779731222405,93.7443829699542,93.7125695427485
0,-5,8.5,20.65,17.005,13.7245,10.77205,8.114845,15.2892985,21.74630665,27.557613985,32.7877905865,37.49494952785,41.731392575065,40.4604596609005,43.8919785291447,46.9803455105644,49.7598757938422,52.2614530487921,54.5128725782471,56.5391501547566,55.9312668818038,57.5725517187765,59.0497080720519,58.6065611660693,58.2077289506849,59.2845759322227,58.9615218377613,59.8337678928069,59.5720940762933,59.336587641431,59.9724550155592,60.5447356522746,61.0597882253185,61.523335541058,61.3842713463361,61.7597446720851,62.0976706652592,62.4018040591159,62.6755241135869,62.5934080972456,62.5195036825384,62.452989709302,62.6325774370404,62.794206392005,62.9396724514731,62.8960326336327,63.0138601418019,62.9785118893511,63.0739521709681
0,-5,-9.5,2.65,-0.995,8.8465,17.70385,25.675465,32.8499185,39.30692665,45.118233985,50.3484105865,48.77935760605,47.367209923645,46.0962770094805,44.9524373867324,43.9229817262592,46.702512009537,45.8686529245536,45.1181797480686,47.1444573245781,48.9681071434367,50.6093919804094,52.0865483336848,53.4159890516326,53.0171568362483,52.6582078424024,52.335153747941,53.2073998029866,53.9924212525277,54.6989405571146,55.3348079312429,55.9070885679583,56.4221411410022,56.8856884567416,57.3028810409072,57.6783543666562,58.0162803598303,58.3204137536869,58.5941338081579,58.8404818571819,59.0621951013034,59.2617370210127,59.2018744450999,59.1479981267784,59.099509440289,59.2304288938103,59.3482564019795,59.4543011593318,59.5497414409488
0,-5,8.5,4.45,15.385,25.2265,34.08385,42.055465,49.2299185,55.68692665,61.498233985,66.7284105865,71.43556952785,75.672012575065,79.4848113175585,78.3409716948105,77.3115160343372,80.091046317615,82.592623572565,81.84215039608,83.8684279725895,85.692077791448,87.3333626284207,88.8105189816961,90.139959699644,91.3364563457971,92.4133033273349,93.3824656107189,94.2547116657645,95.0397331153055,95.7462524198925,95.5342966285164,95.3435364162779,95.8585889893218,95.7040732174086,96.1212658015741,96.4967391273231,96.8346651204972,97.1387985143539,97.0475584961969,96.9654424798556,97.1871557239771,97.1206417507406,97.3002294784791,97.2463531601575,97.3918192196257,97.522738673147,97.6405661813162,97.6052179288654,97.5734045016597
