"V1","V2","V3","V4","V5","V6","V7","V8","V9","V10","V11","V12","V13","V14","V15","V16","V17","V18","V19","V20","V21","V22","V23","V24","V25","V26","V27","V28","V29","V30","V31","V32","V33","V34","V35","V36","V37","V38","V39","V40"
0.646902838954702,0.353097161045298,0.394225758267567,0.605774241732433,0.618501814315096,0.381498185684904,0.476891135564074,0.523108864435926,0.136097185546532,0.863902814453468,0.0673843862023205,0.93261561379768,0.129152616951615,0.870847383048385,0.393117929575965,0.606882070424035,0.00258269859477878,0.997417301405221,0.620205954182893,0.379794045817107,0.764414017554373,0.235585982445627,0.743835757952183,0.256164242047817,0.826165695209056,0.173834304790944,0.42272908333689,0.57727091666311,0.40928766480647,0.59071233519353,0.539692613529041,0.460307386470959,0.960722398478538,0.0392776015214622,0.65355733432807,0.34644266567193,0.54671529866755,0.45328470133245,0.266063566086814,0.733936433913186
0.196795599302277,0.803204400697723,0.0778709205333143,0.922129079466686,0.818393328459933,0.181606671540067,0.942404641071334,0.0575953589286655,0.884224479319528,0.115775520680472,0.1658783799503,0.8341216200497,0.35510133812204,0.64489866187796,0.748095017159358,0.251904982840642,0.450950511265546,0.549049488734454,0.555875437567011,0.444124562432989,0.964073087554425,0.035926912445575,0.0714689400047064,0.928531059995294,0.955809065140784,0.0441909348592162,0.947978590615094,0.0520214093849063,0.00118775176815689,0.998812248231843,0.367279277415946,0.632720722584054,0.0110403990838677,0.988959600916132,0.933858055854216,0.0661419441457838,0.523246557451785,0.476753442548215,0.221986761549488,0.778013238450512
0.985161147313192,0.0148388526868075,0.225329884793609,0.774670115206391,0.863937630085275,0.136062369914725,0.884683240903541,0.115316759096459,0.624841086566448,0.375158913433552,0.571553317131475,0.428446682868525,0.470844344701618,0.529155655298382,0.700667308177799,0.299332691822201,0.797935220878571,0.202064779121429,0.165746093029156,0.834253906970844,0.578771093860269,0.421228906139731,0.28827471868135,0.71172528131865,0.902829078026116,0.0971709219738841,0.521413869224489,0.478586130775511,0.825548264430836,0.174451735569164,0.002148651285097,0.997851348714903,0.441395052010193,0.558604947989807,0.224316885927692,0.775683114072308,0.543966609286144,0.456033390713856,0.485812604660168,0.514187395339832
0.208251051604748,0.791748948395252,0.555850862525403,0.444149137474597,0.228528337785974,0.771471662214026,0.424398854840547,0.575601145159453,0.863317254232243,0.136682745767757,0.613719626329839,0.386280373670161,0.992561791557819,0.00743820844218135,0.576843728078529,0.423156271921471,0.651035821065307,0.348964178934693,0.167367111891508,0.832632888108492,0.614331952063367,0.385668047936633,0.884436580119655,0.115563419880345,0.387592908460647,0.612407091539353,0.470298148924485,0.529701851075515,0.530296305892989,0.469703694107011,0.295293436152861,0.704706563847139,0.287637889385223,0.712362110614777,0.0570014086551964,0.942998591344804,0.672630472341552,0.327369527658448,0.71728675859049,0.28271324140951
0.818193245213479,0.181806754786521,0.0977584924548864,0.902241507545114,0.30675848852843,0.69324151147157,0.393865088000894,0.606134911999106,0.381705722305924,0.618294277694076,0.172070938860998,0.827929061139002,0.233908361522481,0.766091638477519,0.362370659364387,0.637629340635613,0.118984793080017,0.881015206919983,0.223685746546835,0.776314253453165,0.599894754588604,0.400105245411396,0.771230658749118,0.228769341250882,0.355426288209856,0.644573711790144,0.797221783781424,0.202778216218576,0.508847639430314,0.491152360569686,0.183396280743182,0.816603719256818,0.745387247297913,0.254612752702087,0.156881164992228,0.843118835007772,0.687506095971912,0.312493904028088,0.428441592259333,0.571558407740667
0.425128739560023,0.574871260439977,0.266087990021333,0.733912009978667,0.726199720753357,0.273800279246643,0.93059515976347,0.0694048402365297,0.250231939135119,0.749768060864881,0.163165960926563,0.836834039073437,0.682980705518275,0.317019294481725,0.785995127167553,0.214004872832447,0.547264565480873,0.452735434519127,0.841938693774864,0.158061306225136,0.548244103323668,0.451755896676332,0.0288185945246369,0.971181405475363,0.426204030634835,0.573795969365165,0.926769562298432,0.073230437701568,0.0920442685019225,0.907955731498078,0.402942812535912,0.597057187464088,0.285383263137192,0.714616736862808,0.465514644980431,0.534485355019569,0.718649382004514,0.281350617995486,0.518330075545236,0.481669924454764
0.971871356246993,0.0281286437530071,0.248111669672653,0.751888330327347,0.59899901621975,0.40100098378025,0.836661290610209,0.163338709389791,0.0549864328932017,0.945013567106798,0.89727322361432,0.10272677638568,0.999316743109375,0.000683256890624762,0.683804058004171,0.316195941995829,0.830270656384528,0.169729343615472,0.607848247047514,0.392151752952486,0.643803681014106,0.356196318985894,0.517052474664524,0.482947525335476,0.821975306607783,0.178024693392217,0.368747171713039,0.631252828286961,0.41858241148293,0.58141758851707,0.22355963406153,0.77644036593847,0.537034990498796,0.462965009501204,0.50060215848498,0.49939784151502,0.566811493830755,0.433188506169245,0.02875447855331,0.97124552144669
0.78693722630851,0.21306277369149,0.587434788467363,0.412565211532637,0.950118697946891,0.0498813020531088,0.936078040162101,0.0639219598378986,0.0429964964278042,0.957003503572196,0.630076996516436,0.369923003483564,0.37511234707199,0.62488765292801,0.681610644096509,0.318389355903491,0.182960596401244,0.817039403598756,0.0653756870888174,0.934624312911183,0.24071863014251,0.75928136985749,0.575252129463479,0.424747870536521,0.0376937580294907,0.962306241970509,0.882790053263307,0.117209946736693,0.23506880691275,0.76493119308725,0.204844669438899,0.795155330561101,0.518406329676509,0.481593670323491,0.85822603199631,0.14177396800369,0.596252152230591,0.403747847769409,0.681025948375463,0.318974051624537
0.735106540843844,0.264893459156156,0.125625466462225,0.874374533537775,0.49017162178643,0.50982837821357,0.463320734677836,0.536679265322164,0.989670340204611,0.0103296597953886,0.900229510385543,0.0997704896144569,0.570328381611034,0.429671618388966,0.441398995229974,0.558601004770026,0.152819702634588,0.847180297365412,0.606699548661709,0.393300451338291,0.98853747267276,0.0114625273272395,0.602113064145669,0.397886935854331,0.0294421194121242,0.970557880587876,0.204868622357026,0.795131377642974,0.863011900801212,0.136988099198788,0.0743773865979165,0.925622613402084,0.967566025676206,0.0324339743237942,0.0988874810282141,0.901112518971786,0.698827990563586,0.301172009436414,0.720890906406567,0.279109093593433
0.0626425941009074,0.937357405899093,0.878500311635435,0.121499688364565,0.0262284548953176,0.973771545104682,0.835811140714213,0.164188859285787,0.686841263435781,0.313158736564219,0.516751029528677,0.483248970471323,0.893477619625628,0.106522380374372,0.215979794040322,0.784020205959678,0.413997631054372,0.586002368945628,0.641341988462955,0.358658011537045,0.21781519940123,0.78218480059877,0.94372960855253,0.0562703914474696,0.636408232850954,0.363591767149046,0.375458995811641,0.624541004188359,0.752293338533491,0.247706661466509,0.173623502254486,0.826376497745514,0.297549547394738,0.702450452605262,0.0163562619127333,0.983643738087267,0.249078184599057,0.750921815400943,0.161448397440836,0.838551602559164
0.0419238854665309,0.958076114533469,0.689401645679027,0.310598354320973,0.160779075697064,0.839220924302936,0.518136693630368,0.481863306369632,0.279103917069733,0.720896082930267,0.214717623544857,0.785282376455143,0.649333528010175,0.350666471989825,0.562537955585867,0.437462044414133,0.772367070196196,0.227632929803804,0.97011926677078,0.0298807332292199,0.176594641525298,0.823405358474702,0.0380896234419197,0.96191037655808,0.367615163326263,0.632384836673737,0.708214636426419,0.291785363573581,0.938840650720522,0.0611593492794782,0.833405485609546,0.166594514390454,0.605076339095831,0.394923660904169,0.416284556733444,0.583715443266556,0.617733650375158,0.382266349624842,0.98855693009682,0.01144306990318
0.373422586359084,0.626577413640916,0.844633347121999,0.155366652878001,0.924405946396291,0.0755940536037087,0.185599218355492,0.814400781644508,0.842918980401009,0.157081019598991,0.898821736685932,0.101178263314068,0.042769540566951,0.957230459433049,0.554067952325568,0.445932047674432,0.617499628802761,0.382500371197239,0.761270644143224,0.238729355856776,0.204763681860641,0.795236318139359,0.836306267650798,0.163693732349202,0.115149338264018,0.884850661735982,0.605146511690691,0.394853488309309,0.100909358356148,0.899090641643852,0.225104579003528,0.774895420996472,0.450983041198924,0.549016958801076,0.903535904828459,0.096464095171541,0.984842200996354,0.0151577990036458,0.24528823280707,0.75471176719293
0.377412737580016,0.622587262419984,0.32032469031401,0.67967530968599,0.643354292260483,0.356645707739517,0.284937042510137,0.715062957489863,0.897857779404148,0.102142220595852,0.232475151773542,0.767524848226458,0.0117608234286308,0.988239176571369,0.228815810056403,0.771184189943597,0.0985513874329627,0.901448612567037,0.336291173007339,0.663708826992661,0.574516964145005,0.425483035854995,0.996752852806821,0.00324714719317853,0.773867069045082,0.226132930954918,0.632822587853298,0.367177412146702,0.962843492394313,0.0371565076056868,0.646092760842294,0.353907239157706,0.934257502667606,0.0657424973323941,0.42839344847016,0.57160655152984,0.170254068216309,0.829745931783691,0.739143073558807,0.260856926441193
0.5411862723995,0.4588137276005,0.267747920705006,0.732252079294994,0.272403316106647,0.727596683893353,0.718899705214426,0.281100294785574,0.461124713532627,0.538875286467373,0.424239581683651,0.575760418316349,0.450876136077568,0.549123863922432,0.089496192522347,0.910503807477653,0.148085562745109,0.851914437254891,0.0621878281235695,0.937812171876431,0.470158941810951,0.529841058189049,0.413460688432679,0.586539311567321,0.960807566065341,0.0391924339346588,0.873906990978867,0.126093009021133,0.076054799137637,0.923945200862363,0.452432963997126,0.547567036002874,0.996118421200663,0.00388157879933715,0.826904632151127,0.173095367848873,0.0983186326920986,0.901681367307901,0.846732790349051,0.153267209650949
0.506024509202689,0.493975490797311,0.682896559592336,0.317103440407664,0.484173896024004,0.515826103975996,0.21171089890413,0.78828910109587,0.98579002218321,0.0142099778167903,0.853309223195538,0.146690776804462,0.0240526234265417,0.975947376573458,0.160183328436688,0.839816671563312,0.678556346101686,0.321443653898314,0.595999798271805,0.404000201728195,0.396578941261396,0.603421058738604,0.387662718538195,0.612337281461805,0.12803803361021,0.87196196638979,0.990439709508792,0.00956029049120843,0.583673206623644,0.416326793376356,0.625375883420929,0.374624116579071,0.539600749732926,0.460399250267074,0.0589424851350486,0.941057514864951,0.00111899618059397,0.998881003819406,0.862094102660194,0.137905897339806
0.364244329510257,0.635755670489743,0.279486957006156,0.720513042993844,0.0257897826377302,0.97421021736227,0.360883362125605,0.639116637874395,0.414463997352868,0.585536002647132,0.638507729629055,0.361492270370945,0.0736413637641817,0.926358636235818,0.0725555773824453,0.927444422617555,0.635115959215909,0.364884040784091,0.538179213646799,0.461820786353201,0.574640996754169,0.425359003245831,0.694404988316819,0.305595011683181,0.129691049223766,0.870308950776234,0.907627535518259,0.0923724644817412,0.520118240267038,0.479881759732962,0.496892686700448,0.503107313299552,0.247398502659053,0.752601497340947,0.837802927708253,0.162197072291747,0.741524930112064,0.258475069887936,0.163458592025563,0.836541407974437
0.729189808713272,0.270810191286728,0.0554102002643049,0.944589799735695,0.304095659404993,0.695904340595007,0.592033046064898,0.407966953935102,0.774697230197489,0.225302769802511,0.3998931592796,0.6001068407204,0.574602815555409,0.425397184444591,0.781878987327218,0.218121012672782,0.0269098002463579,0.973090199753642,0.759324610466138,0.240675389533862,0.89173751603812,0.10826248396188,0.0121433530002832,0.987856646999717,0.628649002639577,0.371350997360423,0.768333649495617,0.231666350504383,0.196299243019894,0.803700756980106,0.581927673658356,0.418072326341644,0.0290006471332163,0.970999352866784,0.306385342730209,0.693614657269791,0.801416703965515,0.198583296034485,0.486839252524078,0.513160747475922
0.893254833063111,0.106745166936889,0.972735735820606,0.0272642641793936,0.593384524108842,0.406615475891158,0.296257269801572,0.703742730198428,0.223420067457482,0.776579932542518,0.824250932550058,0.175749067449942,0.780008218483999,0.219991781516001,0.367154246196151,0.632845753803849,0.745872339699417,0.254127660300583,0.113671792438254,0.886328207561746,0.0554978838190436,0.944502116180956,0.854363065678626,0.145636934321374,0.0142495441250503,0.98575045587495,0.341333695221692,0.658666304778308,0.119646864943206,0.880353135056794,0.0625495975837111,0.937450402416289,0.853142125997692,0.146857874002308,0.329232290619984,0.670767709380016,0.497724814340472,0.502275185659528,0.583147156517953,0.416852843482047
0.39126930362545,0.60873069637455,0.361968866549432,0.638031133450568,0.801926142070442,0.198073857929558,0.564331882400438,0.435668117599562,0.147104097995907,0.852895902004093,0.605912590399384,0.394087409600616,0.0414957497268915,0.958504250273108,0.717643437674269,0.282356562325731,0.992113778134808,0.00788622186519206,0.453583943890408,0.546416056109592,0.422445285134017,0.577554714865983,0.141022799070925,0.858977200929075,0.822981419740245,0.177018580259755,0.461091717006639,0.538908282993361,0.237779459916055,0.762220540083945,0.193383792182431,0.806616207817569,0.0968447539489716,0.903155246051028,0.845710823312402,0.154289176687598,0.811731883790344,0.188268116209656,0.408304728101939,0.591695271898061
0.885054856073111,0.114945143926889,0.956143053947017,0.0438569460529834,0.120932125486434,0.879067874513566,0.782049910631031,0.217950089368969,0.776812369236723,0.223187630763277,0.0350434530992061,0.964956546900794,0.807874454418197,0.192125545581803,0.723329952685162,0.276670047314838,0.233538643689826,0.766461356310174,0.0896964040584862,0.910303595941514,0.734546063933522,0.265453936066478,0.472331531578675,0.527668468421325,0.137539062649012,0.862460937350988,0.130359130213037,0.869640869786963,0.302894192514941,0.697105807485059,0.72654274199158,0.27345725800842,0.506755346665159,0.493244653334841,0.878670447506011,0.121329552493989,0.745690857060254,0.254309142939746,0.694714210694656,0.305285789305344
0.232837806455791,0.767162193544209,0.609822127269581,0.390177872730419,0.802720127394423,0.197279872605577,0.584428219357505,0.415571780642495,0.345871208468452,0.654128791531548,0.555926319211721,0.444073680788279,0.657877962803468,0.342122037196532,0.303812228143215,0.696187771856785,0.149506237590685,0.850493762409315,0.0965811752248555,0.903418824775144,0.104579502949491,0.895420497050509,0.561610817909241,0.438389182090759,0.876368259545416,0.123631740454584,0.343322649365291,0.656677350634709,0.850522395921871,0.149477604078129,0.223242880310863,0.776757119689137,0.462062757229432,0.537937242770568,0.12588248308748,0.87411751691252,0.136038157623261,0.863961842376739,0.748078295728192,0.251921704271808
0.712381081888452,0.287618918111548,0.511622921330854,0.488377078669146,0.400122966617346,0.599877033382654,0.813198871910572,0.186801128089428,0.986346466001123,0.0136535339988768,0.0597897379193455,0.940210262080655,0.228727852692828,0.771272147307172,0.409286057809368,0.590713942190632,0.672331204405054,0.327668795594946,0.438281874870881,0.561718125129119,0.54208800336346,0.45791199663654,0.818815721664578,0.181184278335422,0.153833106625825,0.846166893374175,0.988629902014509,0.0113700979854912,0.822246294235811,0.177753705764189,0.492908627260476,0.507091372739524,0.13439589436166,0.86560410563834,0.468677525641397,0.531322474358603,0.293308902066201,0.706691097933799,0.81594030559063,0.18405969440937
0.713734685909003,0.286265314090997,0.763243437046185,0.236756562953815,0.0807473242748529,0.919252675725147,0.670384289231151,0.329615710768849,0.444228376960382,0.555771623039618,0.734523209743202,0.265476790256798,0.442639952758327,0.557360047241673,0.896971210604534,0.103028789395466,0.221236178651452,0.778763821348548,0.144126116298139,0.855873883701861,0.738343841629103,0.261656158370897,0.343588825548068,0.656411174451932,0.868369897361845,0.131630102638155,0.632443555397913,0.367556444602087,0.672150508500636,0.327849491499364,0.356180282076821,0.643819717923179,0.0281853277701885,0.971814672229812,0.00177356321364641,0.998226436786354,0.494424534728751,0.505575465271249,0.163392554502934,0.836607445497066
0.693682744400576,0.306317255599424,0.79181775287725,0.20818224712275,0.673773083370179,0.326226916629821,0.506084931083024,0.493915068916976,0.0482038701884449,0.951796129811555,0.46980389021337,0.53019610978663,0.95252194814384,0.0474780518561602,0.969919926021248,0.0300800739787519,0.00457481574267149,0.995425184257329,0.457324782386422,0.542675217613578,0.787439896725118,0.212560103274882,0.338423502165824,0.661576497834176,0.686761488439515,0.313238511560485,0.667271779151633,0.332728220848367,0.751542661804706,0.248457338195294,0.00311237573623657,0.996887624263763,0.555024666013196,0.444975333986804,0.158199596917257,0.841800403082743,0.954960385803133,0.0450396141968668,0.453196595888585,0.546803404111415
0.517724535893649,0.482275464106351,0.820277938153595,0.179722061846405,0.512708462309092,0.487291537690908,0.898355700308457,0.101644299691543,0.994400772964582,0.00559922703541815,0.372330898884684,0.627669101115316,0.944753552554175,0.0552464474458247,0.411564683308825,0.588435316691175,0.552710916148499,0.447289083851501,0.286683646496385,0.713316353503615,0.401104950113222,0.598895049886778,0.575155021389946,0.424844978610054,0.0223286061082035,0.977671393891796,0.524694253923371,0.475305746076629,0.928826997987926,0.071173002012074,0.926211001118645,0.0737889988813549,0.371413502376527,0.628586497623473,0.500560651300475,0.499439348699525,0.213442939566448,0.786557060433552,0.404117273166776,0.595882726833224
0.499215442920104,0.500784557079896,0.669438908575103,0.330561091424897,0.272285902639851,0.727714097360149,0.756531535414979,0.243468464585021,0.938623109133914,0.0613768908660859,0.13557536713779,0.86442463286221,0.129188997671008,0.870811002328992,0.173919235821813,0.826080764178187,0.102223858004436,0.897776141995564,0.979926972649992,0.0200730273500085,0.237309062154964,0.762690937845036,0.0325786850880831,0.967421314911917,0.893249865155667,0.106750134844333,0.282182906987146,0.717817093012854,0.560653632273898,0.439346367726102,0.344759012339637,0.655240987660363,0.683982722228393,0.316017277771607,0.647216477664188,0.352783522335812,0.78412500792183,0.21587499207817,0.549857224570587,0.450142775429413
0.155191594269127,0.844808405730873,0.0338724732864648,0.966127526713535,0.0485116981435567,0.951488301856443,0.330860544694588,0.669139455305412,0.422324064187706,0.577675935812294,0.675082019297406,0.324917980702594,0.712450330844149,0.287549669155851,0.600832898635417,0.399167101364583,0.436528597725555,0.563471402274445,0.788668206194416,0.211331793805584,0.0871261744759977,0.912873825524002,0.699581243563443,0.300418756436557,0.0663615167140961,0.933638483285904,0.273243657778949,0.726756342221051,0.461252906126902,0.538747093873098,0.756527163321152,0.243472836678848,0.833293276838958,0.166706723161042,0.871265139197931,0.128734860802069,0.381571884034202,0.618428115965798,0.393678454915062,0.606321545084938
0.00786289665848017,0.99213710334152,0.18717058072798,0.81282941927202,0.110145342769101,0.889854657230899,0.424518663436174,0.575481336563826,0.266013196669519,0.733986803330481,0.650432466296479,0.349567533703521,0.164620580384508,0.835379419615492,0.994178470689803,0.00582152931019664,0.00849986867979169,0.991500131320208,0.833042670041323,0.166957329958677,0.987244921736419,0.0127550782635808,0.556460553314537,0.443539446685463,0.813761865952983,0.186238134047017,0.25665624323301,0.74334375676699,0.586745917331427,0.413254082668573,0.967432662378997,0.0325673376210034,0.199127072934061,0.800872927065939,0.251423180801794,0.748576819198206,0.0867032327223569,0.913296767277643,0.629432120360434,0.370567879639566
0.558773919474334,0.441226080525666,0.753792804433033,0.246207195566967,0.0027461324352771,0.997253867564723,0.954380455426872,0.0456195445731282,0.775714195333421,0.224285804666579,0.62681242544204,0.37318757455796,0.20751580176875,0.79248419823125,0.216834218474105,0.783165781525895,0.853194273542613,0.146805726457387,0.805811786558479,0.194188213441521,0.347332437289879,0.652667562710121,0.250410152133554,0.749589847866446,0.50421017059125,0.49578982940875,0.697546956362203,0.302453043637797,0.837083708727732,0.162916291272268,0.929498168872669,0.0705018311273307,0.811125657521188,0.188874342478812,0.479968422092497,0.520031577907503,0.0165651238057762,0.983434876194224,0.800751992035657,0.199248007964343
0.000930020119994879,0.999069979880005,0.00672917300835252,0.993270826991647,0.268700167303905,0.731299832696095,0.736622021067888,0.263377978932112,0.895894306944683,0.104105693055317,0.159689716761932,0.840310283238068,0.41007972531952,0.58992027468048,0.751924119656906,0.248075880343094,0.62713311240077,0.37286688759923,0.883035851642489,0.116964148357511,0.244748037075624,0.755251962924376,0.663677832111716,0.336322167888284,0.301004629349336,0.698995370650664,0.79789942339994,0.20210057660006,0.965771253453568,0.0342287465464324,0.783434753771871,0.216565246228129,0.17103523015976,0.82896476984024,0.626803978811949,0.373196021188051,0.283000624505803,0.716999375494197,0.583124747499824,0.416875252500176
0.820343755418435,0.179656244581565,0.853074687067419,0.146925312932581,0.410251068184152,0.589748931815848,0.707226861966774,0.292773138033226,0.881437415257096,0.118562584742904,0.279438709840178,0.720561290159822,0.935931182000786,0.0640688179992139,0.169941082596779,0.830058917403221,0.924779745517299,0.0752202544827014,0.469159960979596,0.530840039020404,0.990025388542563,0.00997461145743728,0.272365489043295,0.727634510956705,0.986718520289287,0.013281479710713,0.191305245971307,0.808694754028693,0.801837511127815,0.198162488872185,0.479262370616198,0.520737629383802,0.541033485904336,0.458966514095664,0.797851202543825,0.202148797456175,0.428690390661359,0.571309609338641,0.711881116731092,0.288118883268908
0.526093931403011,0.473906068596989,0.0703291937243193,0.929670806275681,0.512550285086036,0.487449714913964,0.486549109918997,0.513450890081003,0.59196394472383,0.40803605527617,0.241640723543242,0.758359276456758,0.663059431826696,0.336940568173304,0.751580028096214,0.248419971903786,0.474449352594092,0.525550647405908,0.301387229701504,0.698612770298496,0.328230529557914,0.671769470442086,0.51859287940897,0.48140712059103,0.410036365035921,0.589963634964079,0.532979524927214,0.467020475072786,0.112788154743612,0.887211845256388,0.0173772559501231,0.982622744049877,0.307091871509328,0.692908128490672,0.960063889389858,0.0399361106101424,0.69376187492162,0.30623812507838,0.315711681498215,0.684288318501785
0.551568859023973,0.448431140976027,0.456570358481258,0.543429641518742,0.305465740384534,0.694534259615466,0.933930536499247,0.066069463500753,0.385739455232397,0.614260544767603,0.0358723164536059,0.964127683546394,0.789589120773599,0.210410879226401,0.164558654418215,0.835441345581785,0.757484746165574,0.242515253834426,0.317873689113185,0.682126310886815,0.517492792801932,0.482507207198068,0.563791542313993,0.436208457686007,0.0222357963211834,0.977764203678817,0.528471350902691,0.471528649097309,0.543235199758783,0.456764800241217,0.764178454643115,0.235821545356885,0.816512105055153,0.183487894944847,0.829271491616964,0.170728508383036,0.957519186660647,0.0424808133393526,0.76780910580419,0.23219089419581
0.371930428314954,0.628069571685046,0.315286437049508,0.684713562950492,0.790956400334835,0.209043599665165,0.600708212703466,0.399291787296534,0.317050370853394,0.682949629146606,0.248175105080009,0.751824894919991,0.0718598084058613,0.928140191594139,0.630625322693959,0.369374677306041,0.0192400279920548,0.980759972007945,0.677304671145976,0.322695328854024,0.967241066973656,0.0327589330263436,0.503500861814246,0.496499138185754,0.516836589435115,0.483163410564885,0.293854719726369,0.706145280273631,0.164728311588988,0.835271688411012,0.652122476371005,0.347877523628995,0.336289146915078,0.663710853084922,0.573182707186788,0.426817292813212,0.306687447242439,0.693312552757561,0.632534694159403,0.367465305840597
0.0919861311558634,0.908013868844137,0.625369936460629,0.374630063539371,0.225687546189874,0.774312453810126,0.395607817918062,0.604392182081938,0.150738802272826,0.849261197727174,0.442740930942819,0.557259069057181,0.542186147766188,0.457813852233812,0.936025759438053,0.0639742405619472,0.765187522396445,0.234812477603555,0.401502273976803,0.598497726023197,0.134227595292032,0.865772404707968,0.397803352912888,0.602196647087112,0.589440493378788,0.410559506621212,0.862060198793188,0.137939801206812,0.437343969009817,0.562656030990183,0.0220062769949436,0.977993723005056,0.556885651545599,0.443114348454401,0.486889530904591,0.513110469095409,0.259363521123305,0.740636478876695,0.416971697704867,0.583028302295133
0.191208328818902,0.808791671181098,0.820027419133112,0.179972580866888,0.438777812523767,0.561222187476233,0.674842866370454,0.325157133629546,0.714340739417821,0.285659260582179,0.984975565690547,0.0150244343094528,0.333398548653349,0.666601451346651,0.299155235756189,0.700844764243811,0.376453049713746,0.623546950286254,0.321652867598459,0.678347132401541,0.456922385841608,0.543077614158392,0.206311738118529,0.793688261881471,0.248999847797677,0.751000152202323,0.957468141103163,0.0425318588968366,0.0204144155140966,0.979585584485903,0.114634168567136,0.885365831432864,0.950681878952309,0.0493181210476905,0.116896887077019,0.883103112922981,0.257580215111375,0.742419784888625,0.885574172716588,0.114425827283412
0.865682136733085,0.134317863266915,0.586111319484189,0.413888680515811,0.0052967187948525,0.994703281205148,0.25108346901834,0.74891653098166,0.109684421215206,0.890315578784794,0.499750547576696,0.500249452423304,0.451551315374672,0.548448684625328,0.989310523029417,0.0106894769705832,0.751786475535482,0.248213524464518,0.283749824389815,0.716250175610185,0.472129241097718,0.527870758902282,0.8995413815137,0.1004586184863,0.995365168899298,0.00463483110070229,0.608209195779637,0.391790804220363,0.441430613165721,0.558569386834279,0.427134128753096,0.572865871246904,0.694549234816805,0.305450765183195,0.686567103257403,0.313432896742597,0.0275083251763135,0.972491674823686,0.780066317645833,0.219933682354167
0.842851916095242,0.157148083904758,0.186073458753526,0.813926541246474,0.341485091950744,0.658514908049256,0.739918086444959,0.260081913555041,0.576263822382316,0.423736177617684,0.0469827121123672,0.953017287887633,0.649337414186448,0.350662585813552,0.494055700721219,0.505944299278781,0.488884018268436,0.511115981731564,0.995550203602761,0.00444979639723897,0.680385702289641,0.319614297710359,0.90686769830063,0.0931323016993701,0.980658277170733,0.0193417228292674,0.62054369575344,0.37945630424656,0.260021868860349,0.739978131139651,0.998554327525198,0.00144567247480154,0.166054575704038,0.833945424295962,0.742254248820245,0.257745751179755,0.138066795654595,0.861933204345405,0.299159195506945,0.700840804493055
0.971057537710294,0.0289424622897059,0.0966828358359635,0.903317164164037,0.446970237186179,0.553029762813821,0.834741008235142,0.165258991764858,0.261911064619198,0.738088935380802,0.476687737507746,0.523312262492254,0.873249806463718,0.126750193536282,0.742002209881321,0.257997790118679,0.132243514060974,0.867756485939026,0.344775173580274,0.655224826419726,0.716419424163178,0.283580575836822,0.873916780343279,0.126083219656721,0.0557148358784616,0.944285164121538,0.396620326209813,0.603379673790187,0.108914710348472,0.891085289651528,0.090576333925128,0.909423666074872,0.882166562369093,0.117833437630907,0.133608188712969,0.866391811287031,0.267124850070104,0.732875149929896,0.209914045408368,0.790085954591632
0.737455955008045,0.262544044991955,0.585960432188585,0.414039567811415,0.671896660234779,0.328103339765221,0.468874726211652,0.531125273788348,0.507259362610057,0.492740637389943,0.827972895465791,0.172027104534209,0.403674658155069,0.596325341844931,0.146351740229875,0.853648259770125,0.398905825801194,0.601094174198806,0.883951081661507,0.116048918338493,0.831094716442749,0.168905283557251,0.0112552917562425,0.988744708243757,0.96237453375943,0.0376254662405699,0.324402532307431,0.675597467692569,0.233664580155164,0.766335419844836,0.48753846436739,0.51246153563261,0.415654866257682,0.584345133742318,0.505984967108816,0.494015032891184,0.133476564195007,0.866523435804993,0.0916548827663064,0.908345117233694
0.0258913957513869,0.974108604248613,0.882946440484375,0.117053559515625,0.627588328672573,0.372411671327427,0.847388291032985,0.152611708967015,0.852311578579247,0.147688421420753,0.603260925039649,0.396739074960351,0.355021215509623,0.644978784490377,0.393749579321593,0.606250420678407,0.399613657267764,0.600386342732236,0.0975517889019102,0.90244821109809,0.390263952547684,0.609736047452316,0.942275508539751,0.0577244914602488,0.573453504825011,0.426546495174989,0.224261292954907,0.775738707045093,0.011664551217109,0.988335448782891,0.239994042087346,0.760005957912654,0.240178061649203,0.759821938350797,0.0254738831426948,0.974526116857305,0.419688340974972,0.580311659025028,0.379176776390523,0.620823223609477
0.352926535066217,0.647073464933783,0.429512734990567,0.570487265009433,0.614995275158435,0.385004724841565,0.973893000511453,0.0261069994885474,0.366892156889662,0.633107843110338,0.574271443998441,0.425728556001559,0.622738993261009,0.377261006738991,0.621732868021354,0.378267131978646,0.427340054186061,0.572659945813939,0.164822498103604,0.835177501896396,0.452758583240211,0.547241416759789,0.0637527087237686,0.936247291276231,0.860754106193781,0.139245893806219,0.202407992910594,0.797592007089406,0.257965933764353,0.742034066235647,0.573506091488525,0.426493908511475,0.0866516742389649,0.913348325761035,0.492970818653703,0.507029181346297,0.390497904270887,0.609502095729113,0.126228669891134,0.873771330108866
0.820651917019859,0.179348082980141,0.53993724193424,0.46006275806576,0.02996447077021,0.97003552922979,0.19566925149411,0.80433074850589,0.533599010668695,0.466400989331305,0.853008758975193,0.146991241024807,0.516803292790428,0.483196707209572,0.44296225393191,0.55703774606809,0.644074653973803,0.355925346026197,0.613793142838404,0.386206857161596,0.388762451708317,0.611237548291683,0.413462426979095,0.586537573020905,0.117939427029341,0.882060572970659,0.544749912340194,0.455250087659806,0.500761694507673,0.499238305492327,0.489558594767004,0.510441405232996,0.38555520796217,0.61444479203783,0.0341395528521389,0.965860447147861,0.289455358171836,0.710544641828164,0.378868786385283,0.621131213614717
0.704960805131122,0.295039194868878,0.778146620607004,0.221853379392996,0.271749291103333,0.728250708896667,0.121502747992054,0.878497252007946,0.79660022049211,0.20339977950789,0.895799623336643,0.104200376663357,0.151832724222913,0.848167275777087,0.454845173982903,0.545154826017097,0.8437056154944,0.1562943845056,0.238436992047355,0.761563007952645,0.628414665581658,0.371585334418342,0.592557055875659,0.407442944124341,0.433582350378856,0.566417649621144,0.196244643069804,0.803755356930196,0.564071973552927,0.435928026447073,0.0571575670037419,0.942842432996258,0.192096622427925,0.807903377572075,0.673036575317383,0.326963424682617,0.367441916372627,0.632558083627373,0.386681348551065,0.613318651448935
0.242408577352762,0.757591422647238,0.986601172015071,0.0133988279849291,0.517274419544265,0.482725580455735,0.846136003034189,0.153863996965811,0.0493588601239026,0.950641139876097,0.870419300859794,0.129580699140206,0.939874090719968,0.0601259092800319,0.372978226747364,0.627021773252636,0.734817288117483,0.265182711882517,0.444737541722134,0.555262458277866,0.386595880612731,0.613404119387269,0.787937367334962,0.212062632665038,0.267881971551105,0.732118028448895,0.411397773306817,0.588602226693183,0.146983067737892,0.853016932262108,0.0657686223275959,0.934231377672404,0.927988000679761,0.0720119993202388,0.109930539969355,0.890069460030645,0.299428467871621,0.700571532128379,0.190179091878235,0.809820908121765
0.273000362096354,0.726999637903646,0.173221123870462,0.826778876129538,0.829815964912996,0.170184035087004,0.052480785176158,0.947519214823842,0.371905544074252,0.628094455925748,0.417562704300508,0.582437295699492,0.430568009382114,0.569431990617886,0.869498829590157,0.130501170409843,0.475942846154794,0.524057153845206,0.355039238231257,0.644960761768743,0.382405027281493,0.617594972718507,0.0556240302976221,0.944375969702378,0.526423685485497,0.473576314514503,0.796826013829559,0.203173986170441,0.215224253479391,0.784775746520609,0.943141086725518,0.0568589132744819,0.485841602785513,0.514158397214487,0.961950200842693,0.0380497991573066,0.495727742090821,0.504272257909179,0.813616096740589,0.186383903259411
0.90928622847423,0.0907137715257704,0.10821702866815,0.89178297133185,0.583347769221291,0.416652230778709,0.698191021569073,0.301808978430927,0.621396634262055,0.378603365737945,0.894346298417076,0.105653701582924,0.896433639805764,0.103566360194236,0.509112329222262,0.490887670777738,0.29453741828911,0.70546258171089,0.0658870383631438,0.934112961636856,0.89071831991896,0.10928168008104,0.833848911104724,0.166151088895276,0.707554943393916,0.292445056606084,0.519765053177252,0.480234946822748,0.051226967247203,0.948773032752797,0.438271612627432,0.561728387372568,0.28858422441408,0.71141577558592,0.796473189024255,0.203526810975745,0.359785570530221,0.640214429469779,0.0522298007272184,0.947770199272782
0.447965079220012,0.552034920779988,0.573694168124348,0.426305831875652,0.0340216886252165,0.965978311374784,0.629896528786048,0.370103471213952,0.396365910768509,0.603634089231491,0.0290105482563376,0.970989451743662,0.30787765304558,0.69212234695442,0.0589966315310448,0.941003368468955,0.628842008765787,0.371157991234213,0.150602259207517,0.849397740792483,0.207667414564639,0.792332585435361,0.542048072209582,0.457951927790418,0.454840930411592,0.545159069588408,0.722442288184538,0.277557711815462,0.0281979432329535,0.971802056767046,0.767587377456948,0.232412622543052,0.941378479124978,0.0586215208750218,0.948245207546279,0.0517547924537212,0.582652161596343,0.417347838403657,0.0799446243327111,0.920055375667289
0.172428111545742,0.827571888454258,0.346500449813902,0.653499550186098,0.754290321841836,0.245709678158164,0.0918423039838672,0.908157696016133,0.431565768783912,0.568434231216088,0.377282019006088,0.622717980993912,0.428737455746159,0.571262544253841,0.826922893757001,0.173077106242999,0.4100483127404,0.5899516872596,0.0405843404587358,0.959415659541264,0.745923883048818,0.254076116951182,0.580438116565347,0.419561883434653,0.920738520100713,0.0792614798992872,0.184423935832456,0.815576064167544,0.479962606681511,0.520037393318489,0.260224538622424,0.739775461377576,0.0710563082247972,0.928943691775203,0.946509990375489,0.053490009624511,0.452102342853323,0.547897657146677,0.936765662394464,0.063234337605536
0.17400609748438,0.82599390251562,0.37048203847371,0.62951796152629,0.938368144445121,0.0616318555548787,0.000893762335181236,0.999106237664819,0.324579977197573,0.675420022802427,0.708857557503507,0.291142442496493,0.650615768739954,0.349384231260046,0.392322724917904,0.607677275082096,0.0593204940669239,0.940679505933076,0.108677230542526,0.891322769457474,0.495091676013544,0.504908323986456,0.384478372754529,0.615521627245471,0.359207792440429,0.640792207559571,0.627668397966772,0.372331602033228,0.211926090763882,0.788073909236118,0.914177069207653,0.0858229307923466,0.49870591564104,0.50129408435896,0.218152208020911,0.781847791979089,0.989144389517605,0.0108556104823947,0.412328351521865,0.587671648478135
0.886243029497564,0.113756970502436,0.445435989415273,0.554564010584727,0.491184980608523,0.508815019391477,0.118450640467927,0.881549359532073,0.88309491542168,0.11690508457832,0.485086854547262,0.514913145452738,0.542554705170915,0.457445294829085,0.378540396224707,0.621459603775293,0.938348599942401,0.0616514000575989,0.216712668072432,0.783287331927568,0.189943249570206,0.810056750429794,0.317628464661539,0.682371535338461,0.336978053441271,0.663021946558729,0.882517352001742,0.117482647998258,0.00387861882336438,0.996121381176636,0.174369094194844,0.825630905805156,0.0513076740317047,0.948692325968295,0.181850214488804,0.818149785511196,0.843029292067513,0.156970707932487,0.258942271349952,0.741057728650048
0.0249054385349154,0.975094561465085,0.846114823129028,0.153885176870972,0.925829710206017,0.0741702897939831,0.989378472557291,0.0106215274427086,0.519236537162215,0.480763462837785,0.656927016330883,0.343072983669117,0.718586320756003,0.281413679243997,0.0821692526806146,0.917830747319385,0.242850250564516,0.757149749435484,0.957335801562294,0.0426641984377056,0.405046700034291,0.594953299965709,0.900915242731571,0.0990847572684288,0.450406482676044,0.549593517323956,0.260351576609537,0.739648423390463,0.535651116864756,0.464348883135244,0.462672794703394,0.537327205296606,0.511041985359043,0.488958014640957,0.38526740600355,0.61473259399645,0.478162440937012,0.521837559062988,0.589178355643526,0.410821644356474
0.539849681779742,0.460150318220258,0.731501027941704,0.268498972058296,0.696657034335658,0.303342965664342,0.142794112442061,0.857205887557939,0.312358361901715,0.687641638098285,0.553675112547353,0.446324887452647,0.446856149937958,0.553143850062042,0.200788330752403,0.799211669247597,0.190361825749278,0.809638174250722,0.121269827242941,0.878730172757059,0.0925664806272835,0.907433519372717,0.53094870573841,0.46905129426159,0.0702293291687965,0.929770670831203,0.702354842796922,0.297645157203078,0.659304859349504,0.340695140650496,0.732588772429153,0.267411227570847,0.789116665022448,0.210883334977552,0.673809107858688,0.326190892141312,0.604735647328198,0.395264352671802,0.0101876605767757,0.989812339423224
0.948589617852122,0.0514103821478784,0.188646220602095,0.811353779397905,0.888882322236896,0.111117677763104,0.741137346019968,0.258862653980032,0.762153658783063,0.237846341216937,0.711933623533696,0.288066376466304,0.703850419726223,0.296149580273777,0.0855727358721197,0.91442726412788,0.37656810414046,0.62343189585954,0.461464785505086,0.538535214494914,0.0444138315506279,0.955586168449372,0.42359879007563,0.57640120992437,0.476914197904989,0.523085802095011,0.979528930969536,0.0204710690304637,0.334172030445188,0.665827969554812,0.82018631324172,0.17981368675828,0.281804132973775,0.718195867026225,0.0665999432094395,0.93340005679056,0.394144392339513,0.605855607660487,0.224627306452021,0.775372693547979
0.268725968897343,0.731274031102657,0.428658900549635,0.571341099450365,0.210534664336592,0.789465335663408,0.413584839552641,0.586415160447359,0.626671146601439,0.373328853398561,0.656645065406337,0.343354934593663,0.440762435551733,0.559237564448267,0.156806943938136,0.843193056061864,0.986628631828353,0.0133713681716472,0.934027964714915,0.0659720352850854,0.199412321671844,0.800587678328156,0.481183379190043,0.518816620809957,0.339661572128534,0.660338427871466,0.418489991221577,0.581510008778423,0.452753190649673,0.547246809350327,0.64618004206568,0.35381995793432,0.818280862178653,0.181719137821347,0.912217067088932,0.0877829329110682,0.477208779891953,0.522791220108047,0.741789856925607,0.258210143074393
0.750292565207928,0.249707434792072,0.822239043889567,0.177760956110433,0.249276359099895,0.750723640900105,0.413352746283635,0.586647253716365,0.387011941988021,0.612988058011979,0.616393280914053,0.383606719085947,0.104611047310755,0.895388952689245,0.322406898485497,0.677593101514503,0.722346257418394,0.277653742581606,0.691475018626079,0.308524981373921,0.33230823231861,0.66769176768139,0.833348121261224,0.166651878738776,0.951744011603296,0.0482559883967042,0.657449033809826,0.342550966190174,0.843005064642057,0.156994935357943,0.28109095711261,0.71890904288739,0.42149048554711,0.57850951445289,0.0102701119612902,0.98972988803871,0.571045706281438,0.428954293718562,0.148043022025377,0.851956977974623
0.0770083179231733,0.922991682076827,0.542143077822402,0.457856922177598,0.111225218279287,0.888774781720713,0.924730774015188,0.0752692259848118,0.271359342616051,0.728640657383949,0.656572981737554,0.343427018262446,0.540153936948627,0.459846063051373,0.80123066296801,0.19876933703199,0.701934996759519,0.298065003240481,0.470470448490232,0.529529551509768,0.939345011021942,0.0606549889780581,0.0945159771945328,0.905484022805467,0.450874336296692,0.549125663703308,0.243480089586228,0.756519910413772,0.72365599940531,0.27634400059469,0.879724486730993,0.120275513269007,0.992658243980259,0.0073417560197413,0.175430954899639,0.824569045100361,0.209965310292318,0.790034689707682,0.237743817968294,0.762256182031706
0.310511002317071,0.689488997682929,0.570889190305024,0.429110809694976,0.728961895685643,0.271038104314357,0.982436937745661,0.0175630622543395,0.653734769904986,0.346265230095014,0.219064415432513,0.780935584567487,0.820035020122305,0.179964979877695,0.859862881712615,0.140137118287385,0.0962459919974208,0.903754008002579,0.306716260500252,0.693283739499748,0.0512661596294492,0.948733840370551,0.22324342909269,0.77675657090731,0.992875555763021,0.00712444423697889,0.521471505053341,0.478528494946659,0.676600169157609,0.323399830842391,0.616743688471615,0.383256311528385,0.0989024583250284,0.901097541674972,0.321859519230202,0.678140480769798,0.0642475595232099,0.93575244047679,0.698131724493578,0.301868275506422
0.252902605105191,0.747097394894809,0.763064545579255,0.236935454420745,0.972759346244857,0.0272406537551433,0.765346025582403,0.234653974417597,0.489188155392185,0.510811844607815,0.658287331461906,0.341712668538094,0.39963374263607,0.60036625736393,0.79423390282318,0.20576609717682,0.699085076339543,0.300914923660457,0.686365140601993,0.313634859398007,0.143885691417381,0.856114308582619,0.796192912152037,0.203807087847963,0.65993668558076,0.34006331441924,0.190874312305823,0.809125687694177,0.697208173340186,0.302791826659814,0.702336889691651,0.297663110308349,0.353749617934227,0.646250382065773,0.00130743999034166,0.998692560009658,0.371978894574568,0.628021105425432,0.70968986232765,0.29031013767235
0.0209646208677441,0.979035379132256,0.186287951888517,0.813712048111483,0.362223342759535,0.637776657240465,0.247366132447496,0.752633867552504,0.887370265554637,0.112629734445363,0.272938577923924,0.727061422076076,0.635869299992919,0.364130700007081,0.819904046365991,0.180095953634009,0.584879464004189,0.415120535995811,0.805494678905234,0.194505321094766,0.491220850031823,0.508779149968177,0.74768990650773,0.25231009349227,0.313383546890691,0.686616453109309,0.680002027656883,0.319997972343117,0.0585973088163882,0.941402691183612,0.591704349499196,0.408295650500804,0.8249670737423,0.1750329262577,0.735153420595452,0.264846579404548,0.90576561097987,0.09423438902013,0.831664804136381,0.168335195863619
0.594122997950763,0.405877002049237,0.291435186052695,0.708564813947305,0.986267729895189,0.0137322701048106,0.838276549940929,0.161723450059071,0.594545128522441,0.405454871477559,0.960256022401154,0.039743977598846,0.0876034961547703,0.91239650384523,0.050638614455238,0.949361385544762,0.633936521131545,0.366063478868455,0.053353110095486,0.946646889904514,0.83801101683639,0.16198898316361,0.332182758487761,0.667817241512239,0.293599819764495,0.706400180235505,0.0319259096868336,0.968074090313166,0.746889926260337,0.253110073739663,0.50644249538891,0.49355750461109,0.432683819672093,0.567316180327907,0.243414988508448,0.756585011491552,0.510707369772717,0.489292630227283,0.506849945522845,0.493150054477155
0.687171385390684,0.312828614609316,0.108193826396018,0.891806173603982,0.629491264699027,0.370508735300973,0.740597793832421,0.259402206167579,0.138803482754156,0.861196517245844,0.578273600898683,0.421726399101317,0.972750170854852,0.0272498291451484,0.291984640527517,0.708015359472483,0.199423043522984,0.800576956477016,0.763671162072569,0.236328837927431,0.799568121088669,0.200431878911331,0.654104018118232,0.345895981881768,0.673172377981246,0.326827622018754,0.659069606801495,0.340930393198505,0.939186497125775,0.0608135028742254,0.159708936931565,0.840291063068435,0.43993362179026,0.56006637820974,0.559595447499305,0.440404552500695,0.672110346378759,0.327889653621241,0.302996080135927,0.697003919864073
0.964637849247083,0.0353621507529169,0.737585586728528,0.262414413271472,0.198222641833127,0.801777358166873,0.994074115296826,0.00592588470317423,0.548657129053026,0.451342870946974,0.52656331891194,0.47343668108806,0.809370408765972,0.190629591234028,0.506222341675311,0.493777658324689,0.133006093557924,0.866993906442076,0.983665550593287,0.0163344494067132,0.788545802468434,0.211454197531566,0.0526127449702471,0.947387255029753,0.527117489371449,0.472882510628551,0.179952736245468,0.820047263754532,0.0370458140969276,0.962954185903072,0.999995256308466,4.74369153380394e-06,0.680074588628486,0.319925411371514,0.0341049255803227,0.965895074419677,0.470124597894028,0.529875402105972,0.212437068345025,0.787562931654975
0.602475489024073,0.397524510975927,0.836112226825207,0.163887773174793,0.309634938137606,0.690365061862394,0.8832815985661,0.1167184014339,0.0453681305516511,0.954631869448349,0.517377234296873,0.482622765703127,0.857925868825987,0.142074131174013,0.240837074350566,0.759162925649434,0.397787542082369,0.602212457917631,0.927934551378712,0.0720654486212879,0.364481813507155,0.635518186492845,0.126914156833664,0.873085843166336,0.0171479980926961,0.982852001907304,0.144740988500416,0.855259011499584,0.130685911048204,0.869314088951796,0.0393136453349143,0.960686354665086,0.60322244069539,0.39677755930461,0.816588729387149,0.183411270612851,0.120942524401471,0.879057475598529,0.630757649196312,0.369242350803688
0.699469904880971,0.300530095119029,0.571127980947495,0.428872019052505,0.868170107482001,0.131829892517999,0.184597811195999,0.815402188804001,0.414815972093493,0.585184027906507,0.221173748141155,0.778826251858845,0.291507591260597,0.708492408739403,0.212600763654336,0.787399236345664,0.648088682675734,0.351911317324266,0.243985921144485,0.756014078855515,0.368014364037663,0.631985635962337,0.677011880092323,0.322988119907677,0.90197864244692,0.0980213575530797,0.202292675850913,0.797707324149087,0.993750641820952,0.0062493581790477,0.867288423702121,0.132711576297879,0.793376268353313,0.206623731646687,0.196710960008204,0.803289039991796,0.492377502145246,0.507622497854754,0.314569499576464,0.685430500423536
0.0630734320729971,0.936926567927003,0.708205964416265,0.291794035583735,0.366927003953606,0.633072996046394,0.234765850007534,0.765234149992466,0.0836445223540068,0.916355477645993,0.26298878248781,0.73701121751219,0.961753871990368,0.0382461280096322,0.131844282150269,0.868155717849731,0.427153121680021,0.572846878319979,0.714154873043299,0.285845126956701,0.749027663609013,0.250972336390987,0.10638723988086,0.89361276011914,0.153103990945965,0.846896009054035,0.981143177486956,0.0188568225130439,0.346541333012283,0.653458666987717,0.430523599032313,0.569476400967687,0.0514869200997055,0.948513079900295,0.230164721608162,0.769835278391838,0.368951474782079,0.631048525217921,0.444006724981591,0.555993275018409
0.23201056313701,0.76798943686299,0.618816769914702,0.381183230085298,0.19312308053486,0.80687691946514,0.782393971923739,0.217606028076261,0.624910398386419,0.375089601613581,0.355326543329284,0.644673456670716,0.0117611021269113,0.988238897873089,0.933254255447537,0.0667457445524633,0.666412032907829,0.333587967092171,0.495509686181322,0.504490313818678,0.0557465963065624,0.944253403693438,0.71262040711008,0.28737959288992,0.685585437109694,0.314414562890306,0.695108963409439,0.304891036590561,0.241704590851441,0.758295409148559,0.256162256933749,0.743837743066251,0.616544798016548,0.383455201983452,0.746964059071615,0.253035940928385,0.578607917996123,0.421392082003877,0.0589295809622854,0.941070419037715
0.461292697116733,0.538707302883267,0.887610284611583,0.112389715388417,0.0937446185853332,0.906255381414667,0.457626920426264,0.542373079573736,0.669338734354824,0.330661265645176,0.220756291877478,0.779243708122522,0.101352157536894,0.898647842463106,0.450776192592457,0.549223807407543,0.437861485173926,0.562138514826074,0.834981434978545,0.165018565021455,0.967800448881462,0.0321995511185378,0.738605652702972,0.261394347297028,0.863172091310844,0.136827908689156,0.79189749294892,0.20810250705108,0.224913478363305,0.775086521636695,0.771217648638412,0.228782351361588,0.244941897224635,0.755058102775365,0.834918791428208,0.165081208571792,0.927786109270528,0.072213890729472,0.952247140463442,0.0477528595365584
0.0364490591455251,0.963550940854475,0.548891817219555,0.451108182780445,0.466863446403295,0.533136553596705,0.321029344573617,0.678970655426383,0.42188786319457,0.57811213680543,0.0855826234910637,0.914417376508936,0.452491077361628,0.547508922638372,0.775322487112135,0.224677512887865,0.0925489312503487,0.907451068749651,0.217159324558452,0.782840675441548,0.397739350330085,0.602260649669915,0.830511975567788,0.169488024432212,0.56596705596894,0.43403294403106,0.576416775817052,0.423583224182948,0.840141962049529,0.159858037950471,0.849377901991829,0.150622098008171,0.774552617920563,0.225447382079437,0.213168729096651,0.786831270903349,0.415925294859335,0.584074705140665,0.431378371547908,0.568621628452092
0.191160043468699,0.808839956531301,0.183373156702146,0.816626843297854,0.111531251342967,0.888468748657033,0.405551842646673,0.594448157353327,0.103474697563797,0.896525302436203,0.596802062820643,0.403197937179357,0.771647354355082,0.228352645644918,0.319423501379788,0.680576498620212,0.72622136794962,0.27377863205038,0.384798655984923,0.615201344015077,0.0847979378886521,0.915202062111348,0.735124446451664,0.264875553548336,0.907276987563819,0.0927230124361813,0.608598108403385,0.391401891596615,0.480681783519685,0.519318216480315,0.756108129164204,0.243891870835796,0.0466044337954372,0.953395566204563,0.00506831845268607,0.994931681547314,0.407321581616998,0.592678418383002,0.622123270994052,0.377876729005948
0.566167854703963,0.433832145296037,0.152798944385722,0.847201055614278,0.558179521001875,0.441820478998125,0.387275060173124,0.612724939826876,0.347653599688783,0.652346400311217,0.841485613025725,0.158514386974275,0.330247659701854,0.669752340298146,0.384742571040988,0.615257428959012,0.761255998397246,0.238744001602754,0.676919842837378,0.323080157162622,0.381016252795234,0.618983747204766,0.439393735257909,0.560606264742091,0.280849674949422,0.719150325050578,0.27885725419037,0.72114274580963,0.835035064723343,0.164964935276657,0.634301189566031,0.365698810433969,0.83014746545814,0.16985253454186,0.436778897419572,0.563221102580428,0.122537858085707,0.877462141914293,0.155919550219551,0.844080449780449
0.989258632063866,0.0107413679361343,0.431862592697144,0.568137407302856,0.251810319954529,0.748189680045471,0.265889142407104,0.734110857592896,0.149234050884843,0.850765949115157,0.0827250841539353,0.917274915846065,0.557892405427992,0.442107594572008,0.744800673564896,0.255199326435104,0.999893419677392,0.000106580322608352,0.659882100764662,0.340117899235338,0.944887900259346,0.0551120997406542,0.0990900569595397,0.90090994304046,0.553644911851734,0.446355088148266,0.583019772544503,0.416980227455497,0.881400219164789,0.118599780835211,0.406170585658401,0.593829414341599,0.732739813392982,0.267260186607018,0.874770748429,0.125229251571,0.768752830568701,0.231247169431299,0.847021494992077,0.152978505007923
0.985161892604083,0.0148381073959172,0.306289245840162,0.693710754159838,0.347186911385506,0.652813088614494,0.216540326364338,0.783459673635662,0.950956068700179,0.0490439312998205,0.482006179634482,0.517993820365518,0.297748091863468,0.702251908136532,0.410240157973021,0.589759842026979,0.600617291638628,0.399382708361372,0.955875182058662,0.0441248179413378,0.7058344935067,0.2941655064933,0.832536488305777,0.167463511694223,0.175514979520813,0.824485020479187,0.255138684995472,0.744861315004528,0.294869878096506,0.705130121903494,0.788228454068303,0.211771545931697,0.503379544010386,0.496620455989614,0.760935447178781,0.239064552821219,0.749135095858946,0.250864904141054,0.271173077169806,0.728826922830194
0.947963169077411,0.0520368309225887,0.215394947212189,0.784605052787811,0.36251412332058,0.63748587667942,0.500663352431729,0.499336647568271,0.460959433345124,0.539040566654876,0.698429065290838,0.301570934709162,0.295762347755954,0.704237652244046,0.396086059045047,0.603913940954953,0.210598580539227,0.789401419460773,0.311927048489451,0.688072951510549,0.17048734636046,0.82951265363954,0.573956972686574,0.426043027313426,0.930273876758292,0.0697261232417077,0.465936100110412,0.534063899889588,0.07723059062846,0.92276940937154,0.343382543884218,0.656617456115782,0.334214829606935,0.665785170393065,0.979990856256336,0.020009143743664,0.0516141948755831,0.948385805124417,0.781763246282935,0.218236753717065
0.935148236341774,0.0648517636582255,0.436150213005021,0.563849786994979,0.285992694320157,0.714007305679843,0.826227932237089,0.173772067762911,0.624339563539252,0.375660436460748,0.706801932770759,0.293198067229241,0.6602803170681,0.3397196829319,0.347507677739486,0.652492322260514,0.931133907753974,0.0688660922460258,0.294614318758249,0.705385681241751,0.425538199488074,0.574461800511926,0.593098917044699,0.406901082955301,0.60464971838519,0.39535028161481,0.336044081719592,0.663955918280408,0.63395257643424,0.36604742356576,0.211679398315027,0.788320601684973,0.475731287850067,0.524268712149933,0.856012100353837,0.143987899646163,0.178072568494827,0.821927431505173,0.196712436620146,0.803287563379854
0.991855438100174,0.00814456189982593,0.746805378468707,0.253194621531293,0.669246348319575,0.330753651680425,0.557005977258086,0.442994022741914,0.0283865933306515,0.971613406669348,0.790550615405664,0.209449384594336,0.136695881839842,0.863304118160158,0.69208701630123,0.30791298369877,0.184099128702655,0.815900871297345,0.725075296591967,0.274924703408033,0.653812445234507,0.346187554765493,0.305836981395259,0.694163018604741,0.212978252209723,0.787021747790277,0.296496665338054,0.703503334661946,0.842417960288003,0.157582039711997,0.206545550609007,0.793454449390993,0.340316093992442,0.659683906007558,0.238024379592389,0.761975620407611,0.956643822137266,0.0433561778627336,0.563618453219533,0.436381546780467
0.795181426219642,0.204818573780358,0.0907816090621054,0.909218390937895,0.792995884781703,0.207004115218297,0.97941144509241,0.0205885549075902,0.878419291926548,0.121580708073452,0.545746892923489,0.454253107076511,0.874757438199595,0.125242561800405,0.475448893383145,0.524551106616855,0.907731186598539,0.0922688134014606,0.888360785786062,0.111639214213938,0.235716774594039,0.764283225405961,0.667779615614563,0.332220384385437,0.73874328378588,0.26125671621412,0.762231848202646,0.237768151797354,0.224206598475575,0.775793401524425,0.213073949562386,0.786926050437614,0.000772417522966862,0.999227582477033,0.732379424851388,0.267620575148612,0.0344187307637185,0.965581269236282,0.878817769698799,0.121182230301201
0.785881899995729,0.214118100004271,0.57084964425303,0.42915035574697,0.451851394725963,0.548148605274037,0.315127919660881,0.684872080339119,0.883911886252463,0.116088113747537,0.778148244600743,0.221851755399257,0.795080806594342,0.204919193405658,0.345720842480659,0.654279157519341,0.829631897388026,0.170368102611974,0.102864424465224,0.897135575534776,0.257475630147383,0.742524369852617,0.366198729723692,0.633801270276308,0.471360276918858,0.528639723081142,0.667495214845985,0.332504785154015,0.853841643314809,0.146158356685191,0.981572242686525,0.018427757313475,0.129481723066419,0.870518276933581,0.410706993192434,0.589293006807566,0.516289986670017,0.483710013329983,0.653010818641633,0.346989181358367
0.290684431325644,0.709315568674356,0.934608241310343,0.0653917586896569,0.209639441687614,0.790360558312386,0.0212387144565582,0.978761285543442,0.366989657282829,0.633010342717171,0.00744443945586681,0.992555560544133,0.676920501049608,0.323079498950392,0.397798815509304,0.602201184490696,0.0114680672995746,0.988531932700425,0.16702449764125,0.83297550235875,0.20738545130007,0.79261454869993,0.789122856454924,0.210877143545076,0.642364638624713,0.357635361375287,0.249498479999602,0.750501520000398,0.482107792980969,0.517892207019031,0.691664784215391,0.308335215784609,0.767952010966837,0.232047989033163,0.80853812256828,0.19146187743172,0.582690794253722,0.417309205746278,0.534547406015918,0.465452593984082
0.355714418925345,0.644285581074655,0.264165384462103,0.735834615537897,0.82073584664613,0.17926415335387,0.459221050608903,0.540778949391097,0.202503105159849,0.797496894840151,0.4511213444639,0.5488786555361,0.619207516312599,0.380792483687401,0.649757784791291,0.350242215208709,0.969869496766478,0.0301305032335222,0.569185624830425,0.430814375169575,0.356486472301185,0.643513527698815,0.94575328216888,0.0542467178311199,0.0980593874119222,0.901940612588078,0.319907029159367,0.680092970840633,0.573017471004277,0.426982528995723,0.410019234521315,0.589980765478685,0.727409077808261,0.272590922191739,0.47915173205547,0.52084826794453,0.968594292877242,0.031405707122758,0.901978897862136,0.0980211021378636
0.664825731655583,0.335174268344417,0.475536473793909,0.524463526206091,0.884735201252624,0.115264798747376,0.734424481168389,0.265575518831611,0.494631132110953,0.505368867889047,0.865291607799008,0.134708392200992,0.789814988849685,0.210185011150315,0.506698895711452,0.493301104288548,0.760272925719619,0.239727074280381,0.304810982430354,0.695189017569646,0.567377978703007,0.432622021296993,0.268558458890766,0.731441541109234,0.110452197724953,0.889547802275047,0.861638065427542,0.138361934572458,0.0162038025446236,0.983796197455376,0.289429135387763,0.710570864612237,0.666004442609847,0.333995557390153,0.506715968018398,0.493284031981602,0.0698511020746082,0.930148897925392,0.259863412939012,0.740136587060988
0.0766142199281603,0.92338578007184,0.247565381927416,0.752434618072584,0.922437554690987,0.0775624453090131,0.45173923461698,0.54826076538302,0.337208354612812,0.662791645387188,0.985861663706601,0.0141383362933993,0.357468647882342,0.642531352117658,0.277051313314587,0.722948686685413,0.0715797399170697,0.92842026008293,0.0127431836444885,0.987256816355512,0.50385898607783,0.49614101392217,0.805853765690699,0.194146234309301,0.103495229268447,0.896504770731553,0.574008341412991,0.425991658587009,0.995546136982739,0.00445386301726103,0.805136301554739,0.194863698445261,0.727693036431447,0.272306963568553,0.299538929015398,0.700461070984602,0.593831889797002,0.406168110202998,0.549314894713461,0.450685105286539
0.896127632353455,0.103872367646545,0.110487802885473,0.889512197114527,0.562050479697064,0.437949520302936,0.246801424305886,0.753198575694114,0.557502179173753,0.442497820826247,0.115627945866436,0.884372054133564,0.0163440858013928,0.983655914198607,0.473394856788218,0.526605143211782,0.916207029484212,0.0837929705157876,0.335373923415318,0.664626076584682,0.0499112235847861,0.950088776415214,0.0442423939239234,0.955757606076077,0.362934768665582,0.637065231334418,0.0422729044221342,0.957727095577866,0.382805786794052,0.617194213205948,0.00448380853049457,0.995516191469505,0.341507728910074,0.658492271089926,0.892503878800198,0.107496121199802,0.633548165205866,0.366451834794134,0.541655000764877,0.458344999235123
0.123296230798587,0.876703769201413,0.649380831047893,0.350619168952107,0.945714356610551,0.0542856433894485,0.93798946775496,0.0620105322450399,0.570177690358832,0.429822309641168,0.902306141331792,0.0976938586682081,0.817067365860566,0.182932634139434,0.710801408160478,0.289198591839522,0.25972800492309,0.74027199507691,0.0670383223332465,0.932961677666754,0.658507188549265,0.341492811450735,0.530293663963675,0.469706336036325,0.287086406257004,0.712913593742996,0.371675794711336,0.628324205288664,0.249426095513627,0.750573904486373,0.154289543628693,0.845710456371307,0.55741920392029,0.44258079607971,0.789374887710437,0.210625112289563,0.733972653280944,0.266027346719056,0.263067545834929,0.736932454165071
0.152297111460939,0.847702888539061,0.523229886544868,0.476770113455132,0.763468593126163,0.236531406873837,0.760848490288481,0.239151509711519,0.237118970835581,0.762881029164419,0.636631889734417,0.363368110265583,0.401335338596255,0.598664661403745,0.0899014226160944,0.910098577383906,0.833526149392128,0.166473850607872,0.985641680890694,0.0143583191093057,0.979738478781655,0.0202615212183446,0.210982905700803,0.789017094299197,0.291426026029512,0.708573973970488,0.746195717714727,0.253804282285273,0.54977651592344,0.45022348407656,0.559256543172523,0.440743456827477,0.406652505043894,0.593347494956106,0.708563410444185,0.291436589555815,0.48275972972624,0.51724027027376,0.741252695675939,0.258747304324061
0.79983107955195,0.20016892044805,0.578062167856842,0.421937832143158,0.825230996590108,0.174769003409892,0.252006210386753,0.747993789613247,0.47315481165424,0.52684518834576,0.38329400238581,0.61670599761419,0.909972118213773,0.0900278817862272,0.721536702476442,0.278463297523558,0.171086877584457,0.828913122415543,0.853939117398113,0.146060882601887,0.37765348306857,0.62234651693143,0.545923321507871,0.454076678492129,0.447105870814994,0.552894129185006,0.931240111356601,0.0687598886433989,0.764258254319429,0.235741745680571,0.182129595894367,0.817870404105633,0.454082629643381,0.545917370356619,0.165133557049558,0.834866442950442,0.700167887145653,0.299832112854347,0.329817250836641,0.670182749163359
0.731023132335395,0.268976867664605,0.243184470105916,0.756815529894084,0.815736587159336,0.184263412840664,0.936002789530903,0.0639972104690969,0.678613186813891,0.321386813186109,0.28800215641968,0.71199784358032,0.812364562414587,0.187635437585413,0.246998044429347,0.753001955570653,0.224279036279768,0.775720963720232,0.806300417752936,0.193699582247064,0.385412219911814,0.614587780088186,0.337007108610123,0.662992891389877,0.655223274370655,0.344776725629345,0.0355860427953303,0.96441395720467,0.3294918902684,0.6705081097316,0.98976822802797,0.0102317719720304,0.980771976755932,0.019228023244068,0.858146315906197,0.141853684093803,0.693505975650623,0.306494024349377,0.234695807099342,0.765304192900658
0.40206579817459,0.59793420182541,0.121277743717656,0.878722256282344,0.171832444844767,0.828167555155233,0.045199190499261,0.954800809500739,0.358989653876051,0.641010346123949,0.0838751294650137,0.916124870534986,0.222349006449804,0.777650993550196,0.466239198576659,0.533760801423341,0.340147658484057,0.659852341515943,0.326060489518568,0.673939510481432,0.613464631838724,0.386535368161276,0.954292856156826,0.045707143843174,0.226383370347321,0.773616629652679,0.845331776188686,0.154668223811314,0.399566980544478,0.600433019455522,0.383157199481502,0.616842800518498,0.0665240501984954,0.933475949801505,0.676250415854156,0.323749584145844,0.435137035092339,0.564862964907661,0.918560267193243,0.0814397328067571
0.72192233428359,0.27807766571641,0.142648139502853,0.857351860497147,0.644002322806045,0.355997677193955,0.485699798678979,0.514300201321021,0.428259854437783,0.571740145562217,0.631489315535873,0.368510684464127,0.77855389053002,0.22144610946998,0.894483196781948,0.105516803218052,0.59190065623261,0.40809934376739,0.555152056273073,0.444847943726927,0.380033653462306,0.619966346537694,0.906607182696462,0.0933928173035383,0.913152765715495,0.0868472342845052,0.616174099734053,0.383825900265947,0.217870036140084,0.782129963859916,0.850243278080598,0.149756721919402,0.11595836118795,0.88404163881205,0.109789106529206,0.890210893470794,0.726397846825421,0.273602153174579,0.884816718054935,0.115183281945065
0.946663028327748,0.0533369716722518,0.13403789838776,0.86596210161224,0.982330459170043,0.0176695408299565,0.766694024438038,0.233305975561962,0.181027104146779,0.818972895853221,0.849281580420211,0.150718419579789,0.495670023141429,0.504329976858571,0.580645818030462,0.419354181969538,0.842123514739797,0.157876485260203,0.293438827851787,0.706561172148213,0.0476809672545642,0.952319032745436,0.823107655160129,0.176892344839871,0.822960959980264,0.177039040019736,0.184620635351166,0.815379364648834,0.624231673777103,0.375768326222897,0.974147506756708,0.025852493243292,0.641724983928725,0.358275016071275,0.926165148615837,0.0738348513841629,0.197944750310853,0.802055249689147,0.290561077883467,0.709438922116533
0.48169483942911,0.51830516057089,0.380358196562156,0.619641803437844,0.757976085180417,0.242023914819583,0.398111523594707,0.601888476405293,0.748867663787678,0.251132336212322,0.241416222881526,0.758583777118474,0.772684641182423,0.227315358817577,0.100548530928791,0.899451469071209,0.102830634452403,0.897169365547597,0.785851406864822,0.214148593135178,0.927542650373653,0.0724573496263474,0.282145432662219,0.717854567337781,0.534139504889026,0.465860495110974,0.351612239610404,0.648387760389596,0.721602196339518,0.278397803660482,0.358126090606675,0.641873909393325,0.36456127022393,0.63543872977607,0.358849752927199,0.641150247072801,0.213228882057592,0.786771117942408,0.00522079295478761,0.994779207045212
0.158389917574823,0.841610082425177,0.728370594093576,0.271629405906424,0.38469976070337,0.61530023929663,0.888807770330459,0.111192229669541,0.791087285149843,0.208912714850157,0.151177267311141,0.848822732688859,0.967449743300676,0.0325502566993237,0.574047273956239,0.425952726043761,0.0484743115957826,0.951525688404217,0.844845753861591,0.155154246138409,0.37465126439929,0.62534873560071,0.426565901609138,0.573434098390862,0.108569281175733,0.891430718824267,0.994257643120363,0.00574235687963665,0.142470863182098,0.857529136817902,0.644470449304208,0.355529550695792,0.600517965853214,0.399482034146786,0.00747105362825096,0.992528946371749,0.167411797912791,0.832588202087209,0.370703409193084,0.629296590806916
0.228174978634343,0.771825021365657,0.673192148096859,0.326807851903141,0.905503559857607,0.0944964401423931,0.888973327819258,0.111026672180742,0.54351483262144,0.45648516737856,0.287365125957876,0.712634874042124,0.562112190295011,0.437887809704989,0.428916676901281,0.571083323098719,0.287421261891723,0.712578738108277,0.184839172754437,0.815160827245563,0.9158258670941,0.0841741329059005,0.853336616186425,0.146663383813575,0.229926934465766,0.770073065534234,0.178039961028844,0.821960038971156,0.666888770181686,0.333111229818314,0.0583527300041169,0.941647269995883,0.822766531258821,0.177233468741179,0.196435851510614,0.803564148489386,0.16229991405271,0.83770008594729,0.184306214563549,0.815693785436451
0.209550068480894,0.790449931519106,0.0743232874665409,0.925676712533459,0.373863692162558,0.626136307837442,0.876383205177262,0.123616794822738,0.597291382029653,0.402708617970347,0.365573531715199,0.634426468284801,0.574895908124745,0.425104091875255,0.569001166149974,0.430998833850026,0.299182720016688,0.700817279983312,0.993718241574243,0.00628175842575729,0.897173530422151,0.102826469577849,0.508248262340203,0.491751737659797,0.198023783508688,0.801976216491312,0.685952841537073,0.314047158462927,0.40858918055892,0.59141081944108,0.690292898798361,0.309707101201639,0.581446525873616,0.418553474126384,0.944188252557069,0.0558117474429309,0.0630491015035659,0.936950898496434,0.170375644695014,0.829624355304986
0.970484749181196,0.0295152508188039,0.715772856492549,0.284227143507451,0.250127320876345,0.749872679123655,0.0094955014064908,0.990504498593509,0.235479081049562,0.764520918950438,0.610328813549131,0.389671186450869,0.0846022472251207,0.915397752774879,0.677783025195822,0.322216974804178,0.250171943567693,0.749828056432307,0.27832483779639,0.72167516220361,0.660379415377975,0.339620584622025,0.44207294518128,0.55792705481872,0.996984301833436,0.00301569816656411,0.790761491516605,0.209238508483395,0.170204626396298,0.829795373603702,0.3343872257974,0.6656127742026,0.237960402155295,0.762039597844705,0.075787701876834,0.924212298123166,0.259260935243219,0.740739064756781,0.268809459637851,0.731190540362149
0.744404192315415,0.255595807684585,0.218748392537236,0.781251607462764,0.630366207798943,0.369633792201057,0.835917579941452,0.164082420058548,0.795172099256888,0.204827900743112,0.692112205550075,0.307887794449925,0.00660267216153443,0.993397327838466,0.244371639098972,0.755628360901028,0.477467770921066,0.522532229078934,0.509717360371724,0.490282639628276,0.390610010130331,0.609389989869669,0.414631605381146,0.585368394618854,0.851285737240687,0.148714262759313,0.235529969446361,0.764470030553639,0.066927059320733,0.933072940679267,0.650822172407061,0.349177827592939,0.457613928476349,0.542386071523651,0.93583678198047,0.0641632180195302,0.7269338730257,0.2730661269743,0.433960596565157,0.566039403434843
0.114909322699532,0.885090677300468,0.575940042035654,0.424059957964346,0.635935456026345,0.364064543973655,0.207103469641879,0.792896530358121,0.799476102227345,0.200523897772655,0.781058216933161,0.218941783066839,0.178455844055861,0.821544155944139,0.441880378639325,0.558119621360675,0.526613307185471,0.473386692814529,0.105709538329393,0.894290461670607,0.448501424165443,0.551498575834557,0.0758478385396302,0.92415216146037,0.669316995656118,0.330683004343882,0.151418284978718,0.848581715021282,0.171557903056964,0.828442096943036,0.725404287688434,0.274595712311566,0.652120378334075,0.347879621665925,0.464772396488115,0.535227603511885,0.457091301446781,0.542908698553219,0.962669474538416,0.0373305254615843
0.603478387929499,0.396521612070501,0.111295469803736,0.888704530196264,0.581192560493946,0.418807439506054,0.5535449963063,0.4464550036937,0.810945119475946,0.189054880524054,0.780291848117486,0.219708151882514,0.345130464527756,0.654869535472244,0.705182164441794,0.294817835558206,0.39628482889384,0.60371517110616,0.212457801681012,0.787542198318988,0.857370692072436,0.142629307927564,0.841042975895107,0.158957024104893,0.261788076255471,0.738211923744529,0.610351787880063,0.389648212119937,0.0689241210930049,0.931075878906995,0.0208190423436463,0.979180957656354,0.430201512994245,0.569798487005755,0.817719579441473,0.182280420558527,0.847864518873394,0.152135481126606,0.673637080471963,0.326362919528037
0.0425528169143945,0.957447183085606,0.741061204811558,0.258938795188442,0.205291043268517,0.794708956731483,0.973520908504725,0.0264790914952755,0.188489136053249,0.811510863946751,0.0713142198510468,0.928685780148953,0.900960197905079,0.0990398020949215,0.038618273101747,0.961381726898253,0.0947125584352762,0.905287441564724,0.685036141658202,0.314963858341798,0.283789631444961,0.716210368555039,0.481373554328457,0.518626445671543,0.881797690177336,0.118202309822664,0.0902747875079513,0.909725212492049,0.0458784056827426,0.954121594317257,0.76742469985038,0.23257530014962,0.0826286762021482,0.917371323797852,0.575026429723948,0.424973570276052,0.237489949213341,0.762510050786659,0.533080161549151,0.466919838450849
0.993372920202091,0.00662707979790866,0.920461338711902,0.0795386612880975,0.271988868247718,0.728011131752282,0.539679417852312,0.460320582147688,0.39801136427559,0.60198863572441,0.357188942376524,0.642811057623476,0.104792099213228,0.895207900786772,0.484427760588005,0.515572239411995,0.654560700757429,0.345439299242571,0.112813093466684,0.887186906533316,0.436544071417302,0.563455928582698,0.101045564049855,0.898954435950145,0.95421112049371,0.04578887950629,0.610811906633899,0.389188093366101,0.355946945026517,0.644053054973483,0.98941345512867,0.0105865448713303,0.784383598715067,0.215616401284933,0.642894757911563,0.357105242088437,0.177443098742515,0.822556901257485,0.956795974634588,0.0432040253654122
